year,region_name,gold,silver,bronze,total,rank
1896,Greece,10,18,20,48,1
1896,Germany,25,5,2,32,2
1896,USA,11,7,2,20,3
1896,France,5,4,2,11,4
1896,UK,3,3,3,9,5
1896,Hungary,2,1,3,6,6
1896,Denmark,1,2,3,6,7
1896,Austria,2,1,2,5,8
1896,Australia,2,0,1,3,9
1896,Switzerland,1,2,0,3,10
1896,Sweden,0,0,0,0,11
1896,Italy,0,0,0,0,12
1900,France,52,101,82,235,1
1900,UK,59,34,15,108,2
1900,USA,30,16,17,63,3
1900,Germany,14,20,11,45,4
1900,Belgium,6,24,13,43,5
1900,Netherlands,3,8,16,27,6
1900,Switzerland,16,4,1,21,7
1900,Denmark,4,3,2,9,8
1900,Norway,0,6,3,9,9
1900,Australia,3,0,3,6,10
1900,Austria,0,3,3,6,11
1900,Italy,3,2,0,5,12
1900,Hungary,1,2,2,5,13
1900,Sweden,3,0,1,4,14
1900,Mexico,0,0,3,3,15
1900,Czech Republic,0,1,2,3,16
1900,Spain,2,0,0,2,17
1900,Cuba,1,1,0,2,18
1900,Canada,1,0,1,2,19
1900,India,0,2,0,2,20
1900,New Zealand,1,0,0,1,21
1900,Luxembourg,1,0,0,1,22
1900,Haiti,1,0,0,1,23
1900,Colombia,0,1,0,1,24
1900,Romania,0,0,0,0,25
1900,Brazil,0,0,0,0,26
1900,Greece,0,0,0,0,27
1900,Iran,0,0,0,0,28
1900,Russia,0,0,0,0,29
1900,Argentina,0,0,0,0,30
1900,Peru,0,0,0,0,31
1904,USA,128,141,125,394,1
1904,Canada,27,9,12,48,2
1904,Germany,4,5,7,16,3
1904,Cuba,5,0,0,5,4
1904,Austria,2,1,1,4,5
1904,Hungary,2,1,1,4,6
1904,Australia,0,3,1,4,7
1904,Switzerland,1,0,2,3,8
1904,Norway,2,0,0,2,9
1904,Greece,1,0,1,2,10
1904,UK,1,1,0,2,11
1904,France,0,2,0,2,12
1904,Italy,0,0,0,0,13
1904,South Africa,0,0,0,0,14
1906,Greece,24,48,30,102,1
1906,France,20,16,28,64,2
1906,Italy,21,8,27,56,3
1906,UK,9,22,8,39,4
1906,Denmark,14,19,1,34,5
1906,Germany,14,10,6,30,6
1906,Norway,20,5,0,25,7
1906,USA,12,6,6,24,8
1906,Sweden,2,5,14,21,9
1906,Hungary,5,5,3,13,10
1906,Switzerland,8,3,1,12,11
1906,Belgium,2,3,6,11,12
1906,Austria,3,3,3,9,13
1906,Netherlands,0,1,5,6,14
1906,Finland,2,1,1,4,15
1906,Australia,0,0,3,3,16
1906,Czech Republic,0,0,3,3,17
1906,Canada,1,1,0,2,18
1906,Turkey,0,0,0,0,19
1906,Egypt,0,0,0,0,20
1908,UK,147,131,90,368,1
1908,Sweden,48,18,18,84,2
1908,USA,34,16,15,65,3
1908,Canada,14,8,30,52,4
1908,Norway,7,32,3,42,5
1908,France,12,5,23,40,6
1908,Belgium,1,24,8,33,7
1908,Finland,1,1,28,30,8
1908,Germany,4,11,6,21,9
1908,Hungary,7,7,6,20,10
1908,Australia,15,2,2,19,11
1908,Denmark,0,14,3,17,12
1908,Netherlands,0,0,16,16,13
1908,Italy,2,6,0,8,14
1908,Czech Republic,0,0,6,6,15
1908,Greece,0,3,1,4,16
1908,Russia,1,2,0,3,17
1908,South Africa,1,1,0,2,18
1908,Austria,0,0,1,1,19
1908,Switzerland,0,0,0,0,20
1908,Iceland,0,0,0,0,21
1908,Argentina,0,0,0,0,22
1912,Sweden,103,62,25,190,1
1912,UK,47,64,59,170,2
1912,USA,46,25,36,107,3
1912,Denmark,5,49,33,87,4
1912,Norway,40,6,34,80,5
1912,Finland,9,40,22,71,6
1912,Germany,11,19,23,53,7
1912,Hungary,10,17,3,30,8
1912,France,10,11,5,26,9
1912,Netherlands,0,0,26,26,10
1912,Italy,22,1,2,25,11
1912,Belgium,7,1,11,19,12
1912,Russia,0,5,9,14,13
1912,Austria,0,9,5,14,14
1912,Australia,5,2,3,10,15
1912,Canada,3,2,3,8,16
1912,South Africa,5,2,0,7,17
1912,Switzerland,2,0,0,2,18
1912,Greece,1,0,1,2,19
1912,Japan,0,0,0,0,20
1912,Poland,0,0,0,0,21
1912,NA,0,0,0,0,22
1912,Chile,0,0,0,0,23
1912,Iceland,0,0,0,0,24
1912,Luxembourg,0,0,0,0,25
1912,Serbia,0,0,0,0,26
1912,Turkey,0,0,0,0,27
1912,Portugal,0,0,0,0,28
1912,Czech Republic,0,0,0,0,29
1920,USA,111,45,38,194,1
1920,Belgium,57,65,66,188,2
1920,Sweden,52,38,64,154,3
1920,France,13,71,57,141,4
1920,Norway,58,52,27,137,5
1920,UK,52,42,17,111,6
1920,Italy,67,9,8,84,7
1920,Denmark,26,44,1,71,8
1920,Finland,21,14,17,52,9
1920,Netherlands,15,10,25,50,10
1920,Switzerland,6,2,21,29,11
1920,Spain,0,23,0,23,12
1920,South Africa,3,12,6,21,13
1920,Canada,10,3,3,16,14
1920,Czech Republic,0,0,10,10,15
1920,Brazil,1,1,5,7,16
1920,Australia,0,6,1,7,17
1920,Greece,0,5,0,5,18
1920,Estonia,1,2,0,3,19
1920,Japan,0,3,0,3,20
1920,Luxembourg,0,1,0,1,21
1920,New Zealand,0,0,1,1,22
1920,Chile,0,0,0,0,23
1920,Portugal,0,0,0,0,24
1920,Serbia,0,0,0,0,25
1920,India,0,0,0,0,26
1920,Argentina,0,0,0,0,27
1920,Egypt,0,0,0,0,28
1920,Monaco,0,0,0,0,29
1924,USA,98,46,50,194,1
1924,France,37,51,32,120,2
1924,UK,31,34,30,95,3
1924,Sweden,8,30,43,81,4
1924,Switzerland,22,25,22,69,5
1924,Finland,28,21,18,67,6
1924,Italy,25,5,21,51,7
1924,Belgium,3,30,11,44,8
1924,Norway,18,12,9,39,9
1924,Canada,9,19,1,29,10
1924,Netherlands,8,1,18,27,11
1924,Hungary,2,12,8,22,12
1924,Romania,0,0,16,16,13
1924,Uruguay,14,0,0,14,14
1924,Denmark,2,9,3,14,15
1924,Australia,4,5,2,11,16
1924,Argentina,5,3,2,10,17
1924,Czech Republic,1,4,5,10,18
1924,Austria,3,4,1,8,19
1924,India,7,0,0,7,20
1924,Estonia,1,1,4,6,21
1924,Poland,0,4,1,5,22
1924,Haiti,0,0,5,5,23
1924,Portugal,0,0,4,4,24
1924,South Africa,1,1,1,3,25
1924,Serbia,2,0,0,2,26
1924,Luxembourg,1,1,0,2,27
1924,Ireland,0,1,1,2,28
1924,Greece,1,0,0,1,29
1924,Nepal,1,0,0,1,30
1924,Japan,0,0,1,1,31
1924,New Zealand,0,0,1,1,32
1924,Monaco,0,0,1,1,33
1924,Turkey,0,0,0,0,34
1924,Chile,0,0,0,0,35
1924,Egypt,0,0,0,0,36
1924,Ecuador,0,0,0,0,37
1924,Cuba,0,0,0,0,38
1924,Russia,0,0,0,0,39
1924,Lithuania,0,0,0,0,40
1924,Bulgaria,0,0,0,0,41
1924,Philippines,0,0,0,0,42
1924,Spain,0,0,0,0,43
1924,Latvia,0,0,0,0,44
1924,Brazil,0,0,0,0,45
1924,Mexico,0,0,0,0,46
1928,USA,53,30,19,102,1
1928,Germany,21,15,46,82,2
1928,Italy,24,22,26,72,3
1928,UK,7,27,25,59,4
1928,Netherlands,20,29,8,57,5
1928,Sweden,9,21,23,53,6
1928,France,14,24,14,52,7
1928,Canada,19,5,21,45,8
1928,Switzerland,16,10,16,42,9
1928,Finland,10,9,10,29,10
1928,Argentina,3,18,5,26,11
1928,Norway,10,8,6,24,12
1928,Hungary,10,11,0,21,13
1928,Poland,2,3,15,20,14
1928,Uruguay,17,0,0,17,15
1928,Czech Republic,2,12,3,17,16
1928,Denmark,6,5,4,15,17
1928,India,14,0,0,14,18
1928,Serbia,1,1,10,12,19
1928,Austria,3,4,4,11,20
1928,Japan,2,6,1,9,21
1928,Estonia,2,1,6,9,22
1928,South Africa,1,0,5,6,23
1928,Portugal,0,0,6,6,24
1928,Belgium,0,1,5,6,25
1928,Egypt,2,1,1,4,26
1928,Australia,1,2,1,4,27
1928,Spain,3,0,0,3,28
1928,Ireland,1,0,0,1,29
1928,New Zealand,1,0,0,1,30
1928,Luxembourg,1,0,0,1,31
1928,Chile,0,1,0,1,32
1928,Haiti,0,1,0,1,33
1928,Philippines,0,0,1,1,34
1928,Zimbabwe,0,0,0,0,35
1928,Monaco,0,0,0,0,36
1928,Cuba,0,0,0,0,37
1928,Panama,0,0,0,0,38
1928,Malta,0,0,0,0,39
1928,Romania,0,0,0,0,40
1928,Bulgaria,0,0,0,0,41
1928,Latvia,0,0,0,0,42
1928,Greece,0,0,0,0,43
1928,Mexico,0,0,0,0,44
1928,Lithuania,0,0,0,0,45
1928,Turkey,0,0,0,0,46
1932,USA,91,68,64,223,1
1932,Italy,21,38,18,77,2
1932,Canada,16,14,29,59,3
1932,Germany,10,26,21,57,4
1932,France,28,8,6,42,5
1932,Hungary,20,5,10,35,6
1932,Sweden,14,9,12,35,7
1932,UK,9,12,14,35,8
1932,Finland,6,9,17,32,9
1932,Japan,10,17,4,31,10
1932,Poland,3,4,14,21,11
1932,India,15,0,0,15,12
1932,Netherlands,2,10,1,13,13
1932,Denmark,0,7,4,11,14
1932,Norway,3,4,3,10,15
1932,Austria,2,2,3,7,16
1932,Czech Republic,1,3,2,6,17
1932,Australia,3,1,1,5,18
1932,South Africa,2,0,3,5,19
1932,Argentina,3,1,0,4,20
1932,Philippines,0,0,3,3,21
1932,Switzerland,0,3,0,3,22
1932,Ireland,2,0,0,2,23
1932,New Zealand,0,2,0,2,24
1932,Mexico,0,2,0,2,25
1932,Latvia,0,1,0,1,26
1932,Belgium,0,0,1,1,27
1932,Spain,0,0,1,1,28
1932,Uruguay,0,0,1,1,29
1932,Romania,0,0,0,0,30
1932,Serbia,0,0,0,0,31
1932,El Salvador,0,0,0,0,32
1932,Turkey,0,0,0,0,33
1932,Cuba,0,0,0,0,34
1932,Colombia,0,0,0,0,35
1932,Peru,0,0,0,0,36
1932,Haiti,0,0,0,0,37
1932,Venezuela,0,0,0,0,38
1932,Estonia,0,0,0,0,39
1932,Greece,0,0,0,0,40
1932,Brazil,0,0,0,0,41
1932,Luxembourg,0,0,0,0,42
1932,Portugal,0,0,0,0,43
1932,China,0,0,0,0,44
1932,Monaco,0,0,0,0,45
1932,Guatemala,0,0,0,0,46
1932,Bulgaria,0,0,0,0,47
1936,Germany,97,73,61,231,1
1936,USA,53,29,30,112,2
1936,Italy,37,34,5,76,3
1936,Switzerland,9,29,24,62,4
1936,Austria,7,44,9,60,5
1936,UK,24,17,12,53,6
1936,Norway,8,20,18,46,7
1936,France,13,13,19,45,8
1936,Sweden,9,13,23,45,9
1936,Hungary,25,1,17,43,10
1936,Netherlands,9,7,21,37,11
1936,Finland,12,8,16,36,12
1936,Canada,1,25,9,35,13
1936,Japan,9,4,10,23,14
1936,India,19,0,0,19,15
1936,Czech Republic,5,12,1,18,16
1936,Mexico,0,0,16,16,17
1936,Belgium,0,0,14,14,18
1936,Poland,0,6,6,12,19
1936,Argentina,5,2,4,11,20
1936,Estonia,2,2,3,7,21
1936,Denmark,0,3,3,6,22
1936,Egypt,2,1,2,5,23
1936,Portugal,0,0,3,3,24
1936,Turkey,1,0,1,2,25
1936,Latvia,0,1,1,2,26
1936,New Zealand,1,0,0,1,27
1936,Australia,0,0,1,1,28
1936,Philippines,0,0,1,1,29
1936,Romania,0,1,0,1,30
1936,Serbia,0,1,0,1,31
1936,South Africa,0,1,0,1,32
1936,Costa Rica,0,0,0,0,33
1936,China,0,0,0,0,34
1936,Bulgaria,0,0,0,0,35
1936,Bermuda,0,0,0,0,36
1936,Liechtenstein,0,0,0,0,37
1936,Monaco,0,0,0,0,38
1936,Spain,0,0,0,0,39
1936,Iceland,0,0,0,0,40
1936,Greece,0,0,0,0,41
1936,Chile,0,0,0,0,42
1936,Uruguay,0,0,0,0,43
1936,Boliva,0,0,0,0,44
1936,Malta,0,0,0,0,45
1936,Luxembourg,0,0,0,0,46
1936,Afghanistan,0,0,0,0,47
1936,Brazil,0,0,0,0,48
1936,Peru,0,0,0,0,49
1936,Colombia,0,0,0,0,50
1948,USA,93,34,41,168,1
1948,Sweden,37,18,33,88,2
1948,France,28,23,26,77,3
1948,Italy,22,32,14,68,4
1948,Hungary,15,27,22,64,5
1948,Switzerland,9,30,25,64,6
1948,UK,7,42,14,63,7
1948,Denmark,7,17,27,51,8
1948,Finland,18,14,10,42,9
1948,Netherlands,8,2,32,42,10
1948,Czech Republic,14,20,3,37,11
1948,Norway,7,7,17,31,12
1948,Canada,13,2,7,22,13
1948,Belgium,7,6,8,21,14
1948,India,20,0,0,20,15
1948,Austria,3,5,8,16,16
1948,Australia,2,9,5,16,17
1948,Serbia,0,16,0,16,18
1948,Turkey,6,4,2,12,19
1948,Argentina,3,7,1,11,20
1948,Brazil,0,0,10,10,21
1948,Mexico,4,1,4,9,22
1948,South Africa,2,2,2,6,23
1948,Egypt,2,2,1,5,24
1948,Portugal,0,2,3,5,25
1948,Jamaica,1,2,0,3,26
1948,Uruguay,0,1,2,3,27
1948,Spain,0,3,0,3,28
1948,Poland,1,0,1,2,29
1948,South Korea,0,0,2,2,30
1948,Cuba,0,2,0,2,31
1948,Panama,0,0,2,2,32
1948,Peru,1,0,0,1,33
1948,Sri Lanka,0,1,0,1,34
1948,Trinidad,0,1,0,1,35
1948,Ireland,0,0,1,1,36
1948,Puerto Rico,0,0,1,1,37
1948,Iran,0,0,1,1,38
1948,Colombia,0,0,0,0,39
1948,Philippines,0,0,0,0,40
1948,Liechtenstein,0,0,0,0,41
1948,Lebanon,0,0,0,0,42
1948,Venezuela,0,0,0,0,43
1948,China,0,0,0,0,44
1948,Afghanistan,0,0,0,0,45
1948,Syria,0,0,0,0,46
1948,Chile,0,0,0,0,47
1948,Malta,0,0,0,0,48
1948,Monaco,0,0,0,0,49
1948,Bermuda,0,0,0,0,50
1948,Luxembourg,0,0,0,0,51
1948,Singapore,0,0,0,0,52
1948,Bulgaria,0,0,0,0,53
1948,Greece,0,0,0,0,54
1948,New Zealand,0,0,0,0,55
1948,Iceland,0,0,0,0,56
1948,Myanmar,0,0,0,0,57
1948,Iraq,0,0,0,0,58
1948,Pakistan,0,0,0,0,59
1948,Guyana,0,0,0,0,60
1948,Romania,0,0,0,0,61
1952,USA,87,48,29,164,1
1952,Russia,36,62,19,117,2
1952,Hungary,53,17,34,104,3
1952,Sweden,23,24,46,93,4
1952,Italy,18,22,16,56,5
1952,Finland,14,7,31,52,6
1952,Germany,8,16,28,52,7
1952,France,14,9,18,41,8
1952,Switzerland,2,19,18,39,9
1952,Norway,12,14,6,32,10
1952,UK,4,2,26,32,11
1952,Czech Republic,11,4,10,25,12
1952,Serbia,4,20,0,24,13
1952,Canada,17,3,1,21,14
1952,Netherlands,0,21,0,21,15
1952,Australia,7,2,11,20,16
1952,India,14,0,1,15,17
1952,South Africa,2,8,4,14,18
1952,Uruguay,0,0,14,14,19
1952,Japan,1,9,2,12,20
1952,Austria,2,5,4,11,21
1952,Denmark,3,1,5,9,22
1952,Jamaica,5,3,0,8,23
1952,Belgium,5,3,0,8,24
1952,Iran,0,3,4,7,25
1952,Argentina,2,2,2,6,26
1952,Poland,1,2,1,4,27
1952,Romania,1,1,2,4,28
1952,Chile,0,4,0,4,29
1952,Turkey,2,0,1,3,30
1952,Brazil,1,0,2,3,31
1952,New Zealand,1,0,2,3,32
1952,Trinidad,0,0,2,2,33
1952,Lebanon,0,1,1,2,34
1952,Portugal,0,0,2,2,35
1952,South Korea,0,0,2,2,36
1952,Luxembourg,1,0,0,1,37
1952,Spain,0,1,0,1,38
1952,Ireland,0,1,0,1,39
1952,Venezuela,0,0,1,1,40
1952,Egypt,0,0,1,1,41
1952,Mexico,0,1,0,1,42
1952,Bulgaria,0,0,1,1,43
1952,Myanmar,0,0,0,0,44
1952,Bermuda,0,0,0,0,45
1952,Guyana,0,0,0,0,46
1952,Nigeria,0,0,0,0,47
1952,Thailand,0,0,0,0,48
1952,Panama,0,0,0,0,49
1952,China,0,0,0,0,50
1952,Puerto Rico,0,0,0,0,51
1952,Pakistan,0,0,0,0,52
1952,Guatemala,0,0,0,0,53
1952,Vietnam,0,0,0,0,54
1952,Greece,0,0,0,0,55
1952,Cuba,0,0,0,0,56
1952,Curacao,0,0,0,0,57
1952,Monaco,0,0,0,0,58
1952,Israel,0,0,0,0,59
1952,Ghana,0,0,0,0,60
1952,Bahamas,0,0,0,0,61
1952,Sri Lanka,0,0,0,0,62
1952,Iceland,0,0,0,0,63
1952,Philippines,0,0,0,0,64
1952,Indonesia,0,0,0,0,65
1952,Liechtenstein,0,0,0,0,66
1952,Singapore,0,0,0,0,67
1956,Russia,94,51,61,206,1
1956,USA,63,61,25,149,2
1956,Australia,28,13,26,67,3
1956,Hungary,30,20,16,66,4
1956,Italy,28,17,10,55,5
1956,Germany,10,20,24,54,6
1956,Sweden,16,18,15,49,7
1956,UK,8,16,22,46,8
1956,Canada,5,11,23,39,9
1956,Finland,8,7,23,38,10
1956,France,7,13,13,33,11
1956,Japan,4,16,5,25,12
1956,Serbia,0,23,0,23,13
1956,Poland,1,9,10,20,14
1956,Romania,6,3,10,19,15
1956,Bulgaria,1,3,14,18,16
1956,India,17,0,0,17,17
1956,Austria,5,3,8,16,18
1956,Pakistan,0,14,0,14,19
1956,Switzerland,6,2,5,13,20
1956,Uruguay,0,0,12,12,21
1956,Turkey,3,2,2,7,22
1956,Norway,3,1,3,7,23
1956,Czech Republic,1,5,1,7,24
1956,South Africa,0,0,7,7,25
1956,Denmark,1,4,1,6,26
1956,Iran,2,2,1,5,27
1956,Ireland,1,1,3,5,28
1956,Chile,0,2,2,4,29
1956,New Zealand,3,0,0,3,30
1956,Mexico,1,0,1,2,31
1956,South Korea,0,1,1,2,32
1956,Bahamas,0,0,2,2,33
1956,Argentina,0,1,1,2,34
1956,Belgium,0,2,0,2,35
1956,Brazil,1,0,0,1,36
1956,Iceland,0,1,0,1,37
1956,Greece,0,0,1,1,38
1956,Venezuela,0,0,0,0,39
1956,Boliva,0,0,0,0,40
1956,Myanmar,0,0,0,0,41
1956,Malaysia,0,0,0,0,42
1956,China,0,0,0,0,43
1956,Spain,0,0,0,0,44
1956,Rika II,0,0,0,0,45
1956,Liberia,0,0,0,0,46
1956,Nigeria,0,0,0,0,47
1956,Uganda,0,0,0,0,48
1956,Cuba,0,0,0,0,49
1956,Fiji,0,0,0,0,50
1956,Colombia,0,0,0,0,51
1956,Vietnam,0,0,0,0,52
1956,Portugal,0,0,0,0,53
1956,Peru,0,0,0,0,54
1956,Jamaica,0,0,0,0,55
1956,Kenya,0,0,0,0,56
1956,Israel,0,0,0,0,57
1956,Singapore,0,0,0,0,58
1956,Egypt,0,0,0,0,59
1956,Philippines,0,0,0,0,60
1956,Bermuda,0,0,0,0,61
1956,Thailand,0,0,0,0,62
1956,Trinidad,0,0,0,0,63
1956,Lebanon,0,0,0,0,64
1956,Sri Lanka,0,0,0,0,65
1956,Liechtenstein,0,0,0,0,66
1956,Netherlands,0,0,0,0,67
1956,Guyana,0,0,0,0,68
1956,Afghanistan,0,0,0,0,69
1956,Luxembourg,0,0,0,0,70
1956,Indonesia,0,0,0,0,71
1956,Taiwan,0,0,0,0,72
1956,Cambodia,0,0,0,0,73
1956,Puerto Rico,0,0,0,0,74
1956,Ethiopia,0,0,0,0,75
1960,Russia,68,70,73,211,1
1960,USA,100,27,25,152,2
1960,Germany,38,37,23,98,3
1960,Italy,36,18,35,89,4
1960,Hungary,13,16,37,66,5
1960,Australia,11,24,11,46,6
1960,Poland,4,12,16,32,7
1960,Japan,9,10,12,31,8
1960,Canada,3,26,1,30,9
1960,UK,2,11,15,28,10
1960,Czech Republic,4,8,11,23,11
1960,Denmark,2,17,4,23,12
1960,Finland,6,4,9,19,13
1960,Serbia,16,1,0,17,14
1960,Sweden,7,4,5,16,15
1960,Romania,3,1,11,15,16
1960,France,1,6,8,15,17
1960,Pakistan,13,0,1,14,18
1960,Switzerland,2,6,6,14,19
1960,Spain,0,0,14,14,20
1960,India,0,13,0,13,21
1960,Brazil,0,0,13,13,22
1960,Norway,5,6,0,11,23
1960,Turkey,7,2,0,9,24
1960,Austria,2,4,3,9,25
1960,Bulgaria,1,3,3,7,26
1960,Trinidad,0,0,5,5,27
1960,Netherlands,0,2,3,5,28
1960,Belgium,0,2,2,4,29
1960,Iran,0,1,3,4,30
1960,Argentina,0,3,1,4,31
1960,Greece,3,0,0,3,32
1960,New Zealand,2,0,1,3,33
1960,South Africa,0,1,2,3,34
1960,Syria,0,1,1,2,35
1960,Portugal,0,2,0,2,36
1960,Ethiopia,1,0,0,1,37
1960,Iraq,0,0,1,1,38
1960,Ghana,0,1,0,1,39
1960,Taiwan,0,1,0,1,40
1960,Mexico,0,0,1,1,41
1960,Venezuela,0,0,1,1,42
1960,Morocco,0,1,0,1,43
1960,Singapore,0,1,0,1,44
1960,Iceland,0,0,0,0,45
1960,Malaysia,0,0,0,0,46
1960,Philippines,0,0,0,0,47
1960,Colombia,0,0,0,0,48
1960,Haiti,0,0,0,0,49
1960,Indonesia,0,0,0,0,50
1960,Guyana,0,0,0,0,51
1960,Uruguay,0,0,0,0,52
1960,Nigeria,0,0,0,0,53
1960,Thailand,0,0,0,0,54
1960,Israel,0,0,0,0,55
1960,Liberia,0,0,0,0,56
1960,South Korea,0,0,0,0,57
1960,Bermuda,0,0,0,0,58
1960,Puerto Rico,0,0,0,0,59
1960,Sudan,0,0,0,0,60
1960,June Climene,0,0,0,0,61
1960,Uganda,0,0,0,0,62
1960,Myanmar,0,0,0,0,63
1960,Cuba,0,0,0,0,64
1960,Curacao,0,0,0,0,65
1960,Monaco,0,0,0,0,66
1960,Sri Lanka,0,0,0,0,67
1960,Luxembourg,0,0,0,0,68
1960,San Marino,0,0,0,0,69
1960,Bahamas,0,0,0,0,70
1960,Malta,0,0,0,0,71
1960,Vietnam,0,0,0,0,72
1960,Liechtenstein,0,0,0,0,73
1960,Panama,0,0,0,0,74
1960,China,0,0,0,0,75
1960,Afghanistan,0,0,0,0,76
1960,Zimbabwe,0,0,0,0,77
1960,Chile,0,0,0,0,78
1960,Fiji,0,0,0,0,79
1960,Kenya,0,0,0,0,80
1960,Peru,0,0,0,0,81
1960,Tunisia,0,0,0,0,82
1960,Ireland,0,0,0,0,83
1960,Lebanon,0,0,0,0,84
1964,Russia,90,71,60,221,1
1964,USA,96,39,42,177,2
1964,Germany,25,48,53,126,3
1964,Czech Republic,5,37,29,71,4
1964,Japan,32,5,25,62,5
1964,Italy,14,30,17,61,6
1964,Hungary,42,7,7,56,7
1964,Poland,10,13,23,46,8
1964,Australia,8,6,30,44,9
1964,Sweden,9,25,9,43,10
1964,France,4,17,17,38,11
1964,Netherlands,6,11,16,33,12
1964,UK,6,19,5,30,13
1964,Finland,6,7,7,20,14
1964,Austria,5,9,3,17,15
1964,Romania,2,4,10,16,16
1964,Pakistan,0,16,0,16,17
1964,India,15,0,0,15,18
1964,Norway,3,6,6,15,19
1964,Serbia,2,11,2,15,20
1964,Denmark,7,1,4,12,21
1964,Canada,6,4,2,12,22
1964,Brazil,0,0,12,12,23
1964,Bulgaria,3,5,2,10,24
1964,New Zealand,4,0,2,6,25
1964,Turkey,2,3,1,6,26
1964,Switzerland,1,4,1,6,27
1964,Trinidad,0,1,5,6,28
1964,Belgium,2,0,1,3,29
1964,South Korea,0,2,1,3,30
1964,Bahamas,2,0,0,2,31
1964,Tunisia,0,1,1,2,32
1964,Iran,0,0,2,2,33
1964,Ethiopia,1,0,0,1,34
1964,Cuba,0,1,0,1,35
1964,Argentina,0,1,0,1,36
1964,North Korea,0,1,0,1,37
1964,Philippines,0,1,0,1,38
1964,Ireland,0,0,1,1,39
1964,Kenya,0,0,1,1,40
1964,Uruguay,0,0,1,1,41
1964,Mexico,0,0,1,1,42
1964,Nigeria,0,0,1,1,43
1964,Ghana,0,0,1,1,44
1964,Cambodia,0,0,0,0,45
1964,Guyana,0,0,0,0,46
1964,Portugal,0,0,0,0,47
1964,Luxembourg,0,0,0,0,48
1964,Monaco,0,0,0,0,49
1964,China,0,0,0,0,50
1964,Greece,0,0,0,0,51
1964,Malaysia,0,0,0,0,52
1964,Spain,0,0,0,0,53
1964,Lebanon,0,0,0,0,54
1964,Bermuda,0,0,0,0,55
1964,Zimbabwe,0,0,0,0,56
1964,Liberia,0,0,0,0,57
1964,Vietnam,0,0,0,0,58
1964,Algeria,0,0,0,0,59
1964,Mali,0,0,0,0,60
1964,Egypt,0,0,0,0,61
1964,Peru,0,0,0,0,62
1964,Uganda,0,0,0,0,63
1964,Tanzania,0,0,0,0,64
1964,Nepal,0,0,0,0,65
1964,Colombia,0,0,0,0,66
1964,Ivory Coast,0,0,0,0,67
1964,Madagascar,0,0,0,0,68
1964,Chile,0,0,0,0,69
1964,Costa Rica,0,0,0,0,70
1964,Dominican Republic,0,0,0,0,71
1964,Afghanistan,0,0,0,0,72
1964,Jamaica,0,0,0,0,73
1964,Iceland,0,0,0,0,74
1964,Liechtenstein,0,0,0,0,75
1964,Senegal,0,0,0,0,76
1964,Mongolia,0,0,0,0,77
1964,Chad,0,0,0,0,78
1964,Sri Lanka,0,0,0,0,79
1964,Israel,0,0,0,0,80
1964,Taiwan,0,0,0,0,81
1964,Zambia,0,0,0,0,82
1964,Thailand,0,0,0,0,83
1964,Panama,0,0,0,0,84
1964,Venezuela,0,0,0,0,85
1964,Puerto Rico,0,0,0,0,86
1964,Niger,0,0,0,0,87
1964,Iraq,0,0,0,0,88
1964,Curacao,0,0,0,0,89
1964,Morocco,0,0,0,0,90
1964,Cameroon,0,0,0,0,91
1964,Boliva,0,0,0,0,92
1964,Republic of Congo,0,0,0,0,93
1964,Myanmar,0,0,0,0,94
1968,Russia,91,69,69,229,1
1968,USA,100,37,36,173,2
1968,Germany,34,41,44,119,3
1968,Hungary,32,20,29,81,4
1968,Japan,16,25,22,63,5
1968,Australia,5,35,11,51,6
1968,Czech Republic,8,26,16,50,7
1968,Italy,13,8,20,41,8
1968,Poland,5,2,30,37,9
1968,France,16,8,12,36,10
1968,Canada,4,4,22,30,11
1968,Serbia,13,14,2,29,12
1968,Norway,15,11,2,28,13
1968,Bulgaria,2,21,3,26,14
1968,Sweden,7,11,7,25,15
1968,Romania,5,9,11,25,16
1968,Netherlands,9,10,4,23,17
1968,Switzerland,0,5,17,22,18
1968,Austria,3,10,7,20,19
1968,UK,9,5,5,19,20
1968,Denmark,5,6,6,17,21
1968,India,0,0,16,16,22
1968,Pakistan,13,0,0,13,23
1968,Kenya,3,7,2,12,24
1968,Finland,2,4,6,12,25
1968,Cuba,0,10,0,10,26
1968,Mexico,3,3,3,9,27
1968,New Zealand,5,0,2,7,28
1968,Iran,2,1,2,5,29
1968,Brazil,0,1,3,4,30
1968,Mongolia,0,1,3,4,31
1968,Belgium,0,1,2,3,32
1968,Turkey,2,0,0,2,33
1968,Ethiopia,1,1,0,2,34
1968,Tunisia,1,0,1,2,35
1968,South Korea,0,1,1,2,36
1968,Argentina,0,0,2,2,37
1968,Uganda,0,1,1,2,38
1968,Venezuela,1,0,0,1,39
1968,Greece,0,0,1,1,40
1968,Jamaica,0,1,0,1,41
1968,Cameroon,0,1,0,1,42
1968,Taiwan,0,0,1,1,43
1968,Monaco,0,0,0,0,44
1968,Colombia,0,0,0,0,45
1968,Bahamas,0,0,0,0,46
1968,Ivory Coast,0,0,0,0,47
1968,Niger,0,0,0,0,48
1968,Mali,0,0,0,0,49
1968,Costa Rica,0,0,0,0,50
1968,Paraguay,0,0,0,0,51
1968,Zambia,0,0,0,0,52
1968,Bermuda,0,0,0,0,53
1968,Portugal,0,0,0,0,54
1968,Ghana,0,0,0,0,55
1968,Malta,0,0,0,0,56
1968,Chile,0,0,0,0,57
1968,Dominican Republic,0,0,0,0,58
1968,Guinea,0,0,0,0,59
1968,Suriname,0,0,0,0,60
1968,Ecuador,0,0,0,0,61
1968,Nicaragua,0,0,0,0,62
1968,Libya,0,0,0,0,63
1968,Peru,0,0,0,0,64
1968,China,0,0,0,0,65
1968,El Salvador,0,0,0,0,66
1968,Boliva,0,0,0,0,67
1968,Barbados,0,0,0,0,68
1968,Madagascar,0,0,0,0,69
1968,Egypt,0,0,0,0,70
1968,Kuwait,0,0,0,0,71
1968,Sri Lanka,0,0,0,0,72
1968,Fiji,0,0,0,0,73
1968,Uruguay,0,0,0,0,74
1968,Iceland,0,0,0,0,75
1968,Ireland,0,0,0,0,76
1968,Israel,0,0,0,0,77
1968,"Virgin Islands, US",0,0,0,0,78
1968,Vietnam,0,0,0,0,79
1968,Central African Republic,0,0,0,0,80
1968,Liechtenstein,0,0,0,0,81
1968,San Marino,0,0,0,0,82
1968,Malaysia,0,0,0,0,83
1968,Democratic Republic of the Congo,0,0,0,0,84
1968,Senegal,0,0,0,0,85
1968,Sudan,0,0,0,0,86
1968,Syria,0,0,0,0,87
1968,Singapore,0,0,0,0,88
1968,Panama,0,0,0,0,89
1968,Morocco,0,0,0,0,90
1968,Nigeria,0,0,0,0,91
1968,Thailand,0,0,0,0,92
1968,Guyana,0,0,0,0,93
1968,Sierra Leone,0,0,0,0,94
1968,Belize,0,0,0,0,95
1968,Guatemala,0,0,0,0,96
1968,Philippines,0,0,0,0,97
1968,Puerto Rico,0,0,0,0,98
1968,Indonesia,0,0,0,0,99
1968,Myanmar,0,0,0,0,100
1968,Iraq,0,0,0,0,101
1968,Lebanon,0,0,0,0,102
1968,Luxembourg,0,0,0,0,103
1968,Honduras,0,0,0,0,104
1968,Afghanistan,0,0,0,0,105
1968,Trinidad,0,0,0,0,106
1968,Algeria,0,0,0,0,107
1968,Tanzania,0,0,0,0,108
1968,Curacao,0,0,0,0,109
1968,Chad,0,0,0,0,110
1968,Spain,0,0,0,0,111
1972,Germany,83,88,112,283,1
1972,Russia,143,53,63,259,2
1972,USA,72,77,46,195,3
1972,Hungary,10,46,25,81,4
1972,Japan,30,20,9,59,5
1972,Czech Republic,3,21,25,49,6
1972,Poland,28,8,11,47,7
1972,Romania,3,10,27,40,8
1972,Italy,12,8,14,34,9
1972,UK,8,9,12,29,10
1972,Sweden,5,11,10,26,11
1972,Switzerland,7,11,7,25,12
1972,Norway,4,10,11,25,13
1972,France,2,6,17,25,14
1972,Bulgaria,6,10,6,22,15
1972,Cuba,3,1,18,22,16
1972,Australia,11,7,2,20,17
1972,Finland,3,10,7,20,18
1972,Serbia,15,1,2,18,19
1972,Netherlands,7,4,4,15,20
1972,North Korea,1,1,13,15,21
1972,Pakistan,0,15,0,15,22
1972,New Zealand,9,4,1,14,23
1972,India,0,0,14,14,24
1972,Kenya,5,3,4,12,25
1972,Canada,0,3,9,12,26
1972,Austria,1,3,4,8,27
1972,Iran,0,2,1,3,28
1972,Colombia,0,1,2,3,29
1972,Uganda,1,1,0,2,30
1972,Spain,1,0,1,2,31
1972,Belgium,0,2,0,2,32
1972,Ethiopia,0,0,2,2,33
1972,Greece,0,2,0,2,34
1972,Brazil,0,0,2,2,35
1972,Denmark,1,0,0,1,36
1972,Ghana,0,0,1,1,37
1972,Jamaica,0,0,1,1,38
1972,Argentina,0,1,0,1,39
1972,South Korea,0,1,0,1,40
1972,Niger,0,0,1,1,41
1972,Nigeria,0,0,1,1,42
1972,Tunisia,0,1,0,1,43
1972,Mongolia,0,1,0,1,44
1972,Lebanon,0,1,0,1,45
1972,Turkey,0,1,0,1,46
1972,Mexico,0,1,0,1,47
1972,Thailand,0,0,0,0,48
1972,Guatemala,0,0,0,0,49
1972,Egypt,0,0,0,0,50
1972,Portugal,0,0,0,0,51
1972,Albania,0,0,0,0,52
1972,Dominican Republic,0,0,0,0,53
1972,Monaco,0,0,0,0,54
1972,Cameroon,0,0,0,0,55
1972,Philippines,0,0,0,0,56
1972,Suriname,0,0,0,0,57
1972,Cambodia,0,0,0,0,58
1972,Israel,0,0,0,0,59
1972,El Salvador,0,0,0,0,60
1972,San Marino,0,0,0,0,61
1972,Taiwan,0,0,0,0,62
1972,Bahamas,0,0,0,0,63
1972,"Virgin Islands, US",0,0,0,0,64
1972,Nicaragua,0,0,0,0,65
1972,Burkina Faso,0,0,0,0,66
1972,Venezuela,0,0,0,0,67
1972,Haiti,0,0,0,0,68
1972,Fiji,0,0,0,0,69
1972,Puerto Rico,0,0,0,0,70
1972,Kuwait,0,0,0,0,71
1972,Somalia,0,0,0,0,72
1972,Luxembourg,0,0,0,0,73
1972,Swaziland,0,0,0,0,74
1972,Panama,0,0,0,0,75
1972,Saudi Arabia,0,0,0,0,76
1972,Madagascar,0,0,0,0,77
1972,Togo,0,0,0,0,78
1972,Liechtenstein,0,0,0,0,79
1972,Tanzania,0,0,0,0,80
1972,Peru,0,0,0,0,81
1972,Republic of Congo,0,0,0,0,82
1972,Malawi,0,0,0,0,83
1972,Morocco,0,0,0,0,84
1972,Indonesia,0,0,0,0,85
1972,Syria,0,0,0,0,86
1972,Nepal,0,0,0,0,87
1972,Vietnam,0,0,0,0,88
1972,Lesotho,0,0,0,0,89
1972,Boliva,0,0,0,0,90
1972,Uruguay,0,0,0,0,91
1972,Senegal,0,0,0,0,92
1972,Chile,0,0,0,0,93
1972,China,0,0,0,0,94
1972,Bermuda,0,0,0,0,95
1972,Barbados,0,0,0,0,96
1972,Belize,0,0,0,0,97
1972,Myanmar,0,0,0,0,98
1972,Costa Rica,0,0,0,0,99
1972,Malaysia,0,0,0,0,100
1972,Paraguay,0,0,0,0,101
1972,Iceland,0,0,0,0,102
1972,Sudan,0,0,0,0,103
1972,Benin,0,0,0,0,104
1972,Zambia,0,0,0,0,105
1972,Ireland,0,0,0,0,106
1972,Trinidad,0,0,0,0,107
1972,Guyana,0,0,0,0,108
1972,Sri Lanka,0,0,0,0,109
1972,Singapore,0,0,0,0,110
1972,Chad,0,0,0,0,111
1972,Afghanistan,0,0,0,0,112
1972,Liberia,0,0,0,0,113
1972,Malta,0,0,0,0,114
1972,Ecuador,0,0,0,0,115
1972,Mali,0,0,0,0,116
1972,Gabon,0,0,0,0,117
1972,Curacao,0,0,0,0,118
1972,Algeria,0,0,0,0,119
1972,Ivory Coast,0,0,0,0,120
1976,Russia,152,102,88,342,1
1976,Germany,137,89,111,337,2
1976,USA,73,61,41,175,3
1976,Poland,18,29,26,73,4
1976,Hungary,14,6,35,55,5
1976,Romania,4,28,23,55,6
1976,Japan,25,6,10,41,7
1976,Bulgaria,8,13,18,39,8
1976,Italy,3,27,5,35,9
1976,Czech Republic,2,23,9,34,10
1976,UK,7,15,11,33,11
1976,Canada,1,10,15,26,12
1976,New Zealand,15,1,9,25,13
1976,Cuba,6,4,14,24,14
1976,Australia,0,15,8,23,15
1976,Finland,9,12,1,22,16
1976,France,5,7,9,21,17
1976,Netherlands,1,4,15,20,18
1976,Switzerland,2,9,8,19,19
1976,Serbia,2,14,3,19,20
1976,South Korea,1,1,15,17,21
1976,Norway,5,10,1,16,22
1976,Pakistan,0,0,16,16,23
1976,Sweden,9,1,2,12,24
1976,Belgium,0,3,6,9,25
1976,Denmark,3,0,5,8,26
1976,Austria,2,2,4,8,27
1976,Spain,0,6,0,6,28
1976,Brazil,0,0,3,3,29
1976,Jamaica,1,1,0,2,30
1976,North Korea,1,1,0,2,31
1976,Mexico,1,0,1,2,32
1976,Iran,0,1,1,2,33
1976,Portugal,0,2,0,2,34
1976,Liechtenstein,0,0,2,2,35
1976,Trinidad,1,0,0,1,36
1976,Bermuda,0,0,1,1,37
1976,Venezuela,0,1,0,1,38
1976,Puerto Rico,0,0,1,1,39
1976,Mongolia,0,1,0,1,40
1976,Thailand,0,0,1,1,41
1976,Ireland,0,0,0,0,42
1976,Costa Rica,0,0,0,0,43
1976,Singapore,0,0,0,0,44
1976,Kuwait,0,0,0,0,45
1976,Lebanon,0,0,0,0,46
1976,Malaysia,0,0,0,0,47
1976,"Virgin Islands, US",0,0,0,0,48
1976,Morocco,0,0,0,0,49
1976,Senegal,0,0,0,0,50
1976,Andorra,0,0,0,0,51
1976,Dominican Republic,0,0,0,0,52
1976,India,0,0,0,0,53
1976,Ecuador,0,0,0,0,54
1976,Boliva,0,0,0,0,55
1976,Greece,0,0,0,0,56
1976,Antigua,0,0,0,0,57
1976,Chile,0,0,0,0,58
1976,Uruguay,0,0,0,0,59
1976,Honduras,0,0,0,0,60
1976,Argentina,0,0,0,0,61
1976,Guatemala,0,0,0,0,62
1976,Israel,0,0,0,0,63
1976,Nepal,0,0,0,0,64
1976,Curacao,0,0,0,0,65
1976,Saudi Arabia,0,0,0,0,66
1976,Taiwan,0,0,0,0,67
1976,Colombia,0,0,0,0,68
1976,Luxembourg,0,0,0,0,69
1976,Peru,0,0,0,0,70
1976,Belize,0,0,0,0,71
1976,Turkey,0,0,0,0,72
1976,Papua New Guinea,0,0,0,0,73
1976,San Marino,0,0,0,0,74
1976,Fiji,0,0,0,0,75
1976,Egypt,0,0,0,0,76
1976,Panama,0,0,0,0,77
1976,China,0,0,0,0,78
1976,Haiti,0,0,0,0,79
1976,Suriname,0,0,0,0,80
1976,Cayman Islands,0,0,0,0,81
1976,Paraguay,0,0,0,0,82
1976,Cameroon,0,0,0,0,83
1976,Monaco,0,0,0,0,84
1976,Ivory Coast,0,0,0,0,85
1976,Indonesia,0,0,0,0,86
1976,Iceland,0,0,0,0,87
1976,Bahamas,0,0,0,0,88
1976,Nicaragua,0,0,0,0,89
1976,Barbados,0,0,0,0,90
1976,Tunisia,0,0,0,0,91
1976,Philippines,0,0,0,0,92
1980,Russia,205,158,133,496,1
1980,Germany,131,101,79,311,2
1980,Bulgaria,8,44,39,91,3
1980,Romania,7,15,46,68,4
1980,Hungary,8,15,40,63,5
1980,Serbia,13,27,17,57,6
1980,Czech Republic,17,18,17,52,7
1980,Poland,3,25,22,50,8
1980,UK,6,18,24,48,9
1980,Sweden,6,8,29,43,10
1980,Italy,8,24,8,40,11
1980,USA,24,4,2,30,12
1980,France,18,5,7,30,13
1980,Spain,2,19,3,24,14
1980,Finland,4,6,11,21,15
1980,Cuba,8,7,5,20,16
1980,India,16,0,0,16,17
1980,Zimbabwe,15,0,0,15,18
1980,Norway,1,5,9,15,19
1980,Australia,6,2,5,13,20
1980,Austria,4,5,4,13,21
1980,Switzerland,4,4,3,11,22
1980,Netherlands,1,3,6,10,23
1980,Mexico,0,1,9,10,24
1980,Brazil,4,0,5,9,25
1980,Denmark,4,2,2,8,26
1980,Greece,1,0,4,5,27
1980,North Korea,0,3,2,5,28
1980,Ethiopia,2,0,2,4,29
1980,Liechtenstein,2,2,0,4,30
1980,Mongolia,0,2,2,4,31
1980,Jamaica,0,0,3,3,32
1980,Ireland,0,2,1,3,33
1980,Canada,0,1,1,2,34
1980,Tanzania,0,2,0,2,35
1980,Belgium,1,0,0,1,36
1980,Guyana,0,0,1,1,37
1980,Venezuela,0,1,0,1,38
1980,Japan,0,1,0,1,39
1980,Lebanon,0,0,1,1,40
1980,Uganda,0,1,0,1,41
1980,Myanmar,0,0,0,0,42
1980,Nepal,0,0,0,0,43
1980,Lesotho,0,0,0,0,44
1980,Sri Lanka,0,0,0,0,45
1980,Libya,0,0,0,0,46
1980,Jordan,0,0,0,0,47
1980,Dominican Republic,0,0,0,0,48
1980,Iceland,0,0,0,0,49
1980,San Marino,0,0,0,0,50
1980,Sierra Leone,0,0,0,0,51
1980,Zambia,0,0,0,0,52
1980,Ecuador,0,0,0,0,53
1980,Mozambique,0,0,0,0,54
1980,Costa Rica,0,0,0,0,55
1980,Cyprus,0,0,0,0,56
1980,Senegal,0,0,0,0,57
1980,Nigeria,0,0,0,0,58
1980,Colombia,0,0,0,0,59
1980,Laos,0,0,0,0,60
1980,Botswana,0,0,0,0,61
1980,Nicaragua,0,0,0,0,62
1980,Syria,0,0,0,0,63
1980,Guatemala,0,0,0,0,64
1980,Luxembourg,0,0,0,0,65
1980,Vietnam,0,0,0,0,66
1980,Iraq,0,0,0,0,67
1980,Portugal,0,0,0,0,68
1980,Peru,0,0,0,0,69
1980,Malta,0,0,0,0,70
1980,Afghanistan,0,0,0,0,71
1980,Guinea,0,0,0,0,72
1980,Republic of Congo,0,0,0,0,73
1980,Cameroon,0,0,0,0,74
1980,Andorra,0,0,0,0,75
1980,Argentina,0,0,0,0,76
1980,Kuwait,0,0,0,0,77
1980,Mali,0,0,0,0,78
1980,New Zealand,0,0,0,0,79
1980,Seychelles,0,0,0,0,80
1980,Madagascar,0,0,0,0,81
1980,China,0,0,0,0,82
1980,South Korea,0,0,0,0,83
1980,Boliva,0,0,0,0,84
1980,Puerto Rico,0,0,0,0,85
1980,Angola,0,0,0,0,86
1980,Algeria,0,0,0,0,87
1980,Trinidad,0,0,0,0,88
1980,Benin,0,0,0,0,89
1984,USA,190,121,50,361,1
1984,Germany,46,89,64,199,2
1984,Romania,40,31,35,106,3
1984,Canada,21,37,33,91,4
1984,Serbia,47,6,35,88,5
1984,China,24,13,37,74,6
1984,UK,11,20,42,73,7
1984,France,20,17,33,70,8
1984,Italy,31,6,28,65,9
1984,Sweden,10,20,34,64,10
1984,Russia,29,15,12,56,11
1984,Australia,7,14,31,52,12
1984,Japan,10,9,31,50,13
1984,Netherlands,20,7,14,41,14
1984,South Korea,6,28,7,41,15
1984,Brazil,1,33,2,36,16
1984,Finland,8,5,18,31,17
1984,Czech Republic,0,24,4,28,18
1984,New Zealand,16,1,6,23,19
1984,Switzerland,2,11,8,21,20
1984,Norway,6,6,7,19,21
1984,Spain,2,14,3,19,22
1984,Pakistan,16,0,0,16,23
1984,Denmark,0,3,10,13,24
1984,Jamaica,0,5,2,7,25
1984,Mexico,2,3,1,6,26
1984,Belgium,1,2,2,5,27
1984,Nigeria,0,1,4,5,28
1984,Austria,1,1,2,4,29
1984,Kenya,1,0,2,3,30
1984,Portugal,1,0,2,3,31
1984,Turkey,0,0,3,3,32
1984,Venezuela,0,0,3,3,33
1984,Morocco,2,0,0,2,34
1984,Greece,0,1,1,2,35
1984,Puerto Rico,0,1,1,2,36
1984,Algeria,0,0,2,2,37
1984,Liechtenstein,0,0,2,2,38
1984,Egypt,0,1,0,1,39
1984,Taiwan,0,0,1,1,40
1984,Dominican Republic,0,0,1,1,41
1984,Iceland,0,0,1,1,42
1984,Thailand,0,1,0,1,43
1984,Zambia,0,0,1,1,44
1984,Peru,0,1,0,1,45
1984,Syria,0,1,0,1,46
1984,Colombia,0,1,0,1,47
1984,Cameroon,0,0,1,1,48
1984,Ireland,0,1,0,1,49
1984,Ivory Coast,0,1,0,1,50
1984,Bahrain,0,0,0,0,51
1984,Haiti,0,0,0,0,52
1984,Guyana,0,0,0,0,53
1984,Madagascar,0,0,0,0,54
1984,Cyprus,0,0,0,0,55
1984,Seychelles,0,0,0,0,56
1984,Cayman Islands,0,0,0,0,57
1984,Indonesia,0,0,0,0,58
1984,Barbados,0,0,0,0,59
1984,Boliva,0,0,0,0,60
1984,Hungary,0,0,0,0,61
1984,Jordan,0,0,0,0,62
1984,Lesotho,0,0,0,0,63
1984,Bulgaria,0,0,0,0,64
1984,Suriname,0,0,0,0,65
1984,Djibouti,0,0,0,0,66
1984,Sudan,0,0,0,0,67
1984,Tanzania,0,0,0,0,68
1984,Yemen,0,0,0,0,69
1984,United Arab Emirates,0,0,0,0,70
1984,El Salvador,0,0,0,0,71
1984,Belize,0,0,0,0,72
1984,Iraq,0,0,0,0,73
1984,Paraguay,0,0,0,0,74
1984,Malawi,0,0,0,0,75
1984,Argentina,0,0,0,0,76
1984,Democratic Republic of the Congo,0,0,0,0,77
1984,Guinea,0,0,0,0,78
1984,Sierra Leone,0,0,0,0,79
1984,"Virgin Islands, US",0,0,0,0,80
1984,Costa Rica,0,0,0,0,81
1984,Botswana,0,0,0,0,82
1984,Philippines,0,0,0,0,83
1984,San Marino,0,0,0,0,84
1984,Curacao,0,0,0,0,85
1984,Mauritania,0,0,0,0,86
1984,Sri Lanka,0,0,0,0,87
1984,Rwanda,0,0,0,0,88
1984,Solomon Islands,0,0,0,0,89
1984,Lebanon,0,0,0,0,90
1984,Kuwait,0,0,0,0,91
1984,Antigua,0,0,0,0,92
1984,Togo,0,0,0,0,93
1984,Singapore,0,0,0,0,94
1984,Malaysia,0,0,0,0,95
1984,Zimbabwe,0,0,0,0,96
1984,Nicaragua,0,0,0,0,97
1984,Liberia,0,0,0,0,98
1984,Swaziland,0,0,0,0,99
1984,Senegal,0,0,0,0,100
1984,Bermuda,0,0,0,0,101
1984,Panama,0,0,0,0,102
1984,Honduras,0,0,0,0,103
1984,Republic of Congo,0,0,0,0,104
1984,Tunisia,0,0,0,0,105
1984,Andorra,0,0,0,0,106
1984,Bhutan,0,0,0,0,107
1984,Chad,0,0,0,0,108
1984,Trinidad,0,0,0,0,109
1984,Qatar,0,0,0,0,110
1984,India,0,0,0,0,111
1984,Uganda,0,0,0,0,112
1984,Niger,0,0,0,0,113
1984,Malta,0,0,0,0,114
1984,Benin,0,0,0,0,115
1984,Ghana,0,0,0,0,116
1984,Chile,0,0,0,0,117
1984,Monaco,0,0,0,0,118
1984,Somalia,0,0,0,0,119
1984,Fiji,0,0,0,0,120
1984,"Virgin Islands, British",0,0,0,0,121
1984,Ecuador,0,0,0,0,122
1984,Guatemala,0,0,0,0,123
1984,Gabon,0,0,0,0,124
1984,Bahamas,0,0,0,0,125
1984,Bangladesh,0,0,0,0,126
1984,Gambia,0,0,0,0,127
1984,Mongolia,0,0,0,0,128
1984,Papua New Guinea,0,0,0,0,129
1984,North Korea,0,0,0,0,130
1984,Uruguay,0,0,0,0,131
1984,Tonga,0,0,0,0,132
1984,Grenada,0,0,0,0,133
1984,Oman,0,0,0,0,134
1984,Poland,0,0,0,0,135
1984,Israel,0,0,0,0,136
1984,Central African Republic,0,0,0,0,137
1984,Mauritius,0,0,0,0,138
1984,Mozambique,0,0,0,0,139
1984,Saudi Arabia,0,0,0,0,140
1984,Equatorial Guinea,0,0,0,0,141
1984,Luxembourg,0,0,0,0,142
1984,Mali,0,0,0,0,143
1984,Nepal,0,0,0,0,144
1984,Myanmar,0,0,0,0,145
1984,Samoa,0,0,0,0,146
1988,Russia,174,81,111,366,1
1988,Germany,125,113,104,342,2
1988,USA,89,67,58,214,3
1988,South Korea,28,37,12,77,4
1988,Serbia,15,32,22,69,5
1988,Romania,8,34,16,58,6
1988,UK,22,17,15,54,7
1988,China,6,16,30,52,8
1988,Netherlands,6,8,38,52,9
1988,Sweden,7,5,34,46,10
1988,Hungary,20,9,15,44,11
1988,Bulgaria,10,14,17,41,12
1988,Finland,8,23,7,38,13
1988,Italy,13,11,13,37,14
1988,Australia,18,6,11,35,15
1988,Norway,2,26,5,33,16
1988,France,13,4,14,31,17
1988,Canada,4,7,18,29,18
1988,Switzerland,8,13,7,28,19
1988,New Zealand,4,4,16,24,20
1988,Brazil,1,17,5,23,21
1988,Japan,4,3,14,21,22
1988,Poland,2,9,10,21,23
1988,Czech Republic,3,5,8,16,24
1988,Austria,4,5,4,13,25
1988,Argentina,0,1,12,13,26
1988,Peru,0,12,0,12,27
1988,Kenya,5,2,2,9,28
1988,Denmark,3,1,3,7,29
1988,Jamaica,0,7,0,7,30
1988,Spain,1,2,2,5,31
1988,Morocco,1,0,2,3,32
1988,Indonesia,0,3,0,3,33
1988,Turkey,1,1,0,2,34
1988,Belgium,0,0,2,2,35
1988,Mexico,0,0,2,2,36
1988,Portugal,1,0,0,1,37
1988,Suriname,1,0,0,1,38
1988,Colombia,0,0,1,1,39
1988,Senegal,0,1,0,1,40
1988,Chile,0,1,0,1,41
1988,Pakistan,0,0,1,1,42
1988,Mongolia,0,0,1,1,43
1988,Iran,0,1,0,1,44
1988,"Virgin Islands, US",0,1,0,1,45
1988,Thailand,0,0,1,1,46
1988,Curacao,0,1,0,1,47
1988,Djibouti,0,0,1,1,48
1988,Greece,0,0,1,1,49
1988,Liechtenstein,0,0,1,1,50
1988,Costa Rica,0,1,0,1,51
1988,Philippines,0,0,1,1,52
1988,Rwanda,0,0,0,0,53
1988,Republic of Congo,0,0,0,0,54
1988,San Marino,0,0,0,0,55
1988,India,0,0,0,0,56
1988,Jordan,0,0,0,0,57
1988,Panama,0,0,0,0,58
1988,Guyana,0,0,0,0,59
1988,Luxembourg,0,0,0,0,60
1988,Myanmar,0,0,0,0,61
1988,Mauritius,0,0,0,0,62
1988,Tanzania,0,0,0,0,63
1988,Qatar,0,0,0,0,64
1988,Lebanon,0,0,0,0,65
1988,Cook Islands,0,0,0,0,66
1988,Nepal,0,0,0,0,67
1988,Barbados,0,0,0,0,68
1988,Samoa,0,0,0,0,69
1988,Zimbabwe,0,0,0,0,70
1988,Somalia,0,0,0,0,71
1988,Gabon,0,0,0,0,72
1988,Angola,0,0,0,0,73
1988,Ghana,0,0,0,0,74
1988,Mozambique,0,0,0,0,75
1988,Guam,0,0,0,0,76
1988,Mali,0,0,0,0,77
1988,Bermuda,0,0,0,0,78
1988,Togo,0,0,0,0,79
1988,Iraq,0,0,0,0,80
1988,Kuwait,0,0,0,0,81
1988,Taiwan,0,0,0,0,82
1988,North Korea,0,0,0,0,83
1988,Cameroon,0,0,0,0,84
1988,American Samoa,0,0,0,0,85
1988,Niger,0,0,0,0,86
1988,Yemen,0,0,0,0,87
1988,Trinidad,0,0,0,0,88
1988,Sudan,0,0,0,0,89
1988,Monaco,0,0,0,0,90
1988,Vietnam,0,0,0,0,91
1988,Dominican Republic,0,0,0,0,92
1988,Antigua,0,0,0,0,93
1988,Ecuador,0,0,0,0,94
1988,Vanuatu,0,0,0,0,95
1988,Malta,0,0,0,0,96
1988,El Salvador,0,0,0,0,97
1988,Haiti,0,0,0,0,98
1988,Honduras,0,0,0,0,99
1988,Swaziland,0,0,0,0,100
1988,Papua New Guinea,0,0,0,0,101
1988,Bahamas,0,0,0,0,102
1988,Aruba,0,0,0,0,103
1988,Puerto Rico,0,0,0,0,104
1988,Bahrain,0,0,0,0,105
1988,Uruguay,0,0,0,0,106
1988,Syria,0,0,0,0,107
1988,Boliva,0,0,0,0,108
1988,Saint Vincent,0,0,0,0,109
1988,Oman,0,0,0,0,110
1988,Democratic Republic of the Congo,0,0,0,0,111
1988,Ireland,0,0,0,0,112
1988,Uganda,0,0,0,0,113
1988,Malaysia,0,0,0,0,114
1988,Bangladesh,0,0,0,0,115
1988,Equatorial Guinea,0,0,0,0,116
1988,Zambia,0,0,0,0,117
1988,Grenada,0,0,0,0,118
1988,Andorra,0,0,0,0,119
1988,Burkina Faso,0,0,0,0,120
1988,Maldives,0,0,0,0,121
1988,Cyprus,0,0,0,0,122
1988,Solomon Islands,0,0,0,0,123
1988,Mauritania,0,0,0,0,124
1988,Fiji,0,0,0,0,125
1988,Saudi Arabia,0,0,0,0,126
1988,Gambia,0,0,0,0,127
1988,Tonga,0,0,0,0,128
1988,Laos,0,0,0,0,129
1988,Egypt,0,0,0,0,130
1988,Cayman Islands,0,0,0,0,131
1988,Afghanistan,0,0,0,0,132
1988,Benin,0,0,0,0,133
1988,Guatemala,0,0,0,0,134
1988,Botswana,0,0,0,0,135
1988,Paraguay,0,0,0,0,136
1988,Central African Republic,0,0,0,0,137
1988,Iceland,0,0,0,0,138
1988,Venezuela,0,0,0,0,139
1988,Tunisia,0,0,0,0,140
1988,Sierra Leone,0,0,0,0,141
1988,Sri Lanka,0,0,0,0,142
1988,Belize,0,0,0,0,143
1988,"Virgin Islands, British",0,0,0,0,144
1988,Israel,0,0,0,0,145
1988,Chad,0,0,0,0,146
1988,Algeria,0,0,0,0,147
1988,Libya,0,0,0,0,148
1988,Guinea,0,0,0,0,149
1988,Liberia,0,0,0,0,150
1988,Bhutan,0,0,0,0,151
1988,Singapore,0,0,0,0,152
1988,Malawi,0,0,0,0,153
1988,Ivory Coast,0,0,0,0,154
1988,Lesotho,0,0,0,0,155
1988,Nigeria,0,0,0,0,156
1988,United Arab Emirates,0,0,0,0,157
1992,Russia,127,71,81,279,1
1992,USA,94,57,87,238,2
1992,Germany,95,74,67,236,3
1992,China,18,48,19,85,4
1992,Canada,32,33,15,80,5
1992,Spain,48,19,3,70,6
1992,Cuba,42,13,14,69,7
1992,France,14,11,44,69,8
1992,Italy,25,19,22,66,9
1992,Japan,6,10,43,59,10
1992,Australia,14,27,16,57,11
1992,South Korea,33,6,17,56,12
1992,Romania,8,31,14,53,13
1992,UK,8,3,39,50,14
1992,Norway,11,30,6,47,15
1992,Poland,5,22,19,46,16
1992,Hungary,14,23,8,45,17
1992,Sweden,2,27,13,42,18
1992,Netherlands,6,21,10,37,19
1992,Austria,9,16,10,35,20
1992,Czech Republic,4,3,28,35,21
1992,Finland,7,5,8,20,22
1992,Ghana,0,0,20,20,23
1992,Taiwan,0,20,0,20,24
1992,Bulgaria,3,7,7,17,25
1992,New Zealand,1,10,5,16,26
1992,Pakistan,0,0,16,16,27
1992,Croatia,0,12,3,15,28
1992,Brazil,13,1,0,14,29
1992,Denmark,3,2,9,14,30
1992,Lithuania,1,0,12,13,31
1992,North Korea,4,0,7,11,32
1992,Nigeria,0,7,4,11,33
1992,Switzerland,3,0,5,8,34
1992,Kenya,2,4,2,8,35
1992,Indonesia,2,3,1,6,36
1992,Turkey,2,2,2,6,37
1992,Slovenia,0,0,6,6,38
1992,Jamaica,0,3,1,4,39
1992,Ethiopia,1,0,2,3,40
1992,Morocco,1,1,1,3,41
1992,Estonia,1,0,2,3,42
1992,Individual Olympic Athletes,0,1,2,3,43
1992,Belgium,0,1,2,3,44
1992,South Africa,0,3,0,3,45
1992,Latvia,0,2,1,3,46
1992,Iran,0,1,2,3,47
1992,Greece,2,0,0,2,48
1992,Algeria,1,0,1,2,49
1992,Ireland,1,1,0,2,50
1992,Israel,0,1,1,2,51
1992,Malaysia,0,0,2,2,52
1992,Luxembourg,0,2,0,2,53
1992,Mongolia,0,0,2,2,54
1992,Argentina,0,0,2,2,55
1992,Namibia,0,2,0,2,56
1992,Puerto Rico,0,0,1,1,57
1992,Qatar,0,0,1,1,58
1992,Philippines,0,0,1,1,59
1992,Bahamas,0,0,1,1,60
1992,Thailand,0,0,1,1,61
1992,Colombia,0,0,1,1,62
1992,Mexico,0,1,0,1,63
1992,Suriname,0,0,1,1,64
1992,Peru,0,1,0,1,65
1992,Rwanda,0,0,0,0,66
1992,Kuwait,0,0,0,0,67
1992,Lebanon,0,0,0,0,68
1992,Jordan,0,0,0,0,69
1992,Solomon Islands,0,0,0,0,70
1992,Andorra,0,0,0,0,71
1992,United Arab Emirates,0,0,0,0,72
1992,Democratic Republic of the Congo,0,0,0,0,73
1992,Bahrain,0,0,0,0,74
1992,Mauritius,0,0,0,0,75
1992,Tunisia,0,0,0,0,76
1992,Ecuador,0,0,0,0,77
1992,Burkina Faso,0,0,0,0,78
1992,Dominican Republic,0,0,0,0,79
1992,Aruba,0,0,0,0,80
1992,Sierra Leone,0,0,0,0,81
1992,Venezuela,0,0,0,0,82
1992,Egypt,0,0,0,0,83
1992,Benin,0,0,0,0,84
1992,Iceland,0,0,0,0,85
1992,Sudan,0,0,0,0,86
1992,Haiti,0,0,0,0,87
1992,Chad,0,0,0,0,88
1992,Gabon,0,0,0,0,89
1992,Tanzania,0,0,0,0,90
1992,Zambia,0,0,0,0,91
1992,Lesotho,0,0,0,0,92
1992,Papua New Guinea,0,0,0,0,93
1992,Grenada,0,0,0,0,94
1992,Boliva,0,0,0,0,95
1992,Guyana,0,0,0,0,96
1992,Madagascar,0,0,0,0,97
1992,Mozambique,0,0,0,0,98
1992,El Salvador,0,0,0,0,99
1992,Cameroon,0,0,0,0,100
1992,"Virgin Islands, US",0,0,0,0,101
1992,Tonga,0,0,0,0,102
1992,Liechtenstein,0,0,0,0,103
1992,Mauritania,0,0,0,0,104
1992,Cook Islands,0,0,0,0,105
1992,Bermuda,0,0,0,0,106
1992,Cayman Islands,0,0,0,0,107
1992,Serbia,0,0,0,0,108
1992,Uganda,0,0,0,0,109
1992,Bosnia and Herzegovina,0,0,0,0,110
1992,Guam,0,0,0,0,111
1992,American Samoa,0,0,0,0,112
1992,Bhutan,0,0,0,0,113
1992,India,0,0,0,0,114
1992,Sri Lanka,0,0,0,0,115
1992,Equatorial Guinea,0,0,0,0,116
1992,Albania,0,0,0,0,117
1992,Myanmar,0,0,0,0,118
1992,Seychelles,0,0,0,0,119
1992,Bangladesh,0,0,0,0,120
1992,Oman,0,0,0,0,121
1992,Uruguay,0,0,0,0,122
1992,Swaziland,0,0,0,0,123
1992,Monaco,0,0,0,0,124
1992,Iraq,0,0,0,0,125
1992,Vanuatu,0,0,0,0,126
1992,Honduras,0,0,0,0,127
1992,Vietnam,0,0,0,0,128
1992,Mali,0,0,0,0,129
1992,Laos,0,0,0,0,130
1992,Saudi Arabia,0,0,0,0,131
1992,Cyprus,0,0,0,0,132
1992,Togo,0,0,0,0,133
1992,"Virgin Islands, British",0,0,0,0,134
1992,Libya,0,0,0,0,135
1992,Chile,0,0,0,0,136
1992,Malta,0,0,0,0,137
1992,Ivory Coast,0,0,0,0,138
1992,Gambia,0,0,0,0,139
1992,Central African Republic,0,0,0,0,140
1992,Saint Vincent,0,0,0,0,141
1992,Niger,0,0,0,0,142
1992,Malawi,0,0,0,0,143
1992,Nepal,0,0,0,0,144
1992,Zimbabwe,0,0,0,0,145
1992,Fiji,0,0,0,0,146
1992,Guatemala,0,0,0,0,147
1992,Botswana,0,0,0,0,148
1992,Singapore,0,0,0,0,149
1992,Republic of Congo,0,0,0,0,150
1992,Angola,0,0,0,0,151
1992,Senegal,0,0,0,0,152
1992,Nicaragua,0,0,0,0,153
1992,Trinidad,0,0,0,0,154
1992,Maldives,0,0,0,0,155
1992,Guinea,0,0,0,0,156
1992,Costa Rica,0,0,0,0,157
1992,Panama,0,0,0,0,158
1992,Yemen,0,0,0,0,159
1992,Portugal,0,0,0,0,160
1992,Paraguay,0,0,0,0,161
1992,San Marino,0,0,0,0,162
1992,Antigua,0,0,0,0,163
1992,Belize,0,0,0,0,164
1992,Syria,0,0,0,0,165
1992,Samoa,0,0,0,0,166
1992,Curacao,0,0,0,0,167
1992,Barbados,0,0,0,0,168
1992,Djibouti,0,0,0,0,169
1994,Germany,18,10,12,40,1
1994,Canada,3,29,5,37,2
1994,Russia,19,13,4,36,3
1994,Italy,14,6,12,32,4
1994,Norway,8,17,5,30,5
1994,Finland,0,1,29,30,6
1994,Sweden,23,1,0,24,7
1994,USA,6,8,5,19,8
1994,Switzerland,4,8,4,16,9
1994,Austria,2,3,7,12,10
1994,France,0,1,10,11,11
1994,Japan,3,5,2,10,12
1994,South Korea,7,1,1,9,13
1994,Australia,0,0,4,4,14
1994,Netherlands,0,1,3,4,15
1994,Kazakhstan,1,2,0,3,16
1994,Slovenia,0,0,3,3,17
1994,China,0,1,2,3,18
1994,UK,0,0,3,3,19
1994,Ukraine,1,0,1,2,20
1994,Belarus,0,2,0,2,21
1994,Uzbekistan,1,0,0,1,22
1994,Slovakia,0,0,0,0,23
1994,Jamaica,0,0,0,0,24
1994,Poland,0,0,0,0,25
1994,Portugal,0,0,0,0,26
1994,Iceland,0,0,0,0,27
1994,Estonia,0,0,0,0,28
1994,Belgium,0,0,0,0,29
1994,Bulgaria,0,0,0,0,30
1994,San Marino,0,0,0,0,31
1994,Mexico,0,0,0,0,32
1994,Croatia,0,0,0,0,33
1994,"Virgin Islands, US",0,0,0,0,34
1994,Georgia,0,0,0,0,35
1994,Denmark,0,0,0,0,36
1994,Bosnia and Herzegovina,0,0,0,0,37
1994,Brazil,0,0,0,0,38
1994,Senegal,0,0,0,0,39
1994,New Zealand,0,0,0,0,40
1994,Luxembourg,0,0,0,0,41
1994,Greece,0,0,0,0,42
1994,Czech Republic,0,0,0,0,43
1994,South Africa,0,0,0,0,44
1994,Liechtenstein,0,0,0,0,45
1994,Kyrgyzstan,0,0,0,0,46
1994,Chile,0,0,0,0,47
1994,American Samoa,0,0,0,0,48
1994,Bermuda,0,0,0,0,49
1994,Moldova,0,0,0,0,50
1994,Hungary,0,0,0,0,51
1994,Mongolia,0,0,0,0,52
1994,Taiwan,0,0,0,0,53
1994,Puerto Rico,0,0,0,0,54
1994,Latvia,0,0,0,0,55
1994,Lithuania,0,0,0,0,56
1994,Andorra,0,0,0,0,57
1994,Turkey,0,0,0,0,58
1994,Fiji,0,0,0,0,59
1994,Monaco,0,0,0,0,60
1994,Cyprus,0,0,0,0,61
1994,Spain,0,0,0,0,62
1994,Argentina,0,0,0,0,63
1994,Armenia,0,0,0,0,64
1994,Israel,0,0,0,0,65
1994,Romania,0,0,0,0,66
1994,Trinidad,0,0,0,0,67
1996,USA,159,48,52,259,1
1996,Australia,32,16,84,132,2
1996,Germany,42,35,47,124,3
1996,Russia,36,45,34,115,4
1996,China,20,70,17,107,5
1996,Netherlands,38,9,26,73,6
1996,Italy,19,24,28,71,7
1996,Spain,23,21,22,66,8
1996,South Korea,10,49,7,66,9
1996,Brazil,5,15,43,63,10
1996,Cuba,37,8,10,55,11
1996,France,21,10,20,51,12
1996,Canada,8,30,12,50,13
1996,Hungary,8,9,26,43,14
1996,Japan,3,26,13,42,15
1996,Romania,13,10,15,38,16
1996,Ukraine,10,5,19,34,17
1996,Sweden,3,23,5,31,18
1996,Croatia,16,12,0,28,19
1996,UK,2,15,9,26,20
1996,Serbia,1,12,13,26,21
1996,Nigeria,17,4,3,24,22
1996,Denmark,21,1,1,23,23
1996,Norway,2,3,18,23,24
1996,Belarus,1,6,16,23,25
1996,Poland,7,8,7,22,26
1996,Bulgaria,3,12,6,21,27
1996,Argentina,0,19,1,20,28
1996,Jamaica,1,3,12,16,29
1996,Czech Republic,4,5,4,13,30
1996,Switzerland,5,6,0,11,31
1996,Kazakhstan,3,4,4,11,32
1996,Lithuania,0,0,11,11,33
1996,New Zealand,3,2,4,9,34
1996,Greece,4,4,0,8,35
1996,Kenya,1,4,3,8,36
1996,Turkey,4,1,1,6,37
1996,Indonesia,2,1,3,6,38
1996,Belgium,2,2,2,6,39
1996,South Africa,3,1,1,5,40
1996,North Korea,2,1,2,5,41
1996,Bahamas,0,5,0,5,42
1996,Ireland,3,0,1,4,43
1996,Finland,1,2,1,4,44
1996,Algeria,2,0,1,3,45
1996,Ethiopia,2,0,1,3,46
1996,Iran,1,1,1,3,47
1996,Portugal,1,0,2,3,48
1996,Slovakia,1,1,1,3,49
1996,Austria,0,1,2,3,50
1996,Malaysia,0,2,1,3,51
1996,Moldova,0,2,1,3,52
1996,Thailand,1,0,1,2,53
1996,Armenia,1,1,0,2,54
1996,Morocco,0,0,2,2,55
1996,Namibia,0,2,0,2,56
1996,Uzbekistan,0,1,1,2,57
1996,Georgia,0,0,2,2,58
1996,Trinidad,0,0,2,2,59
1996,Slovenia,0,2,0,2,60
1996,Costa Rica,1,0,0,1,61
1996,Syria,1,0,0,1,62
1996,Burundi,1,0,0,1,63
1996,Ecuador,1,0,0,1,64
1996,Taiwan,0,1,0,1,65
1996,Tunisia,0,0,1,1,66
1996,Latvia,0,1,0,1,67
1996,Mongolia,0,0,1,1,68
1996,India,0,0,1,1,69
1996,Philippines,0,1,0,1,70
1996,Mozambique,0,0,1,1,71
1996,Zambia,0,1,0,1,72
1996,Israel,0,0,1,1,73
1996,Uganda,0,0,1,1,74
1996,Tonga,0,1,0,1,75
1996,Mexico,0,0,1,1,76
1996,Azerbaijan,0,1,0,1,77
1996,Puerto Rico,0,0,1,1,78
1996,Samoa,0,0,0,0,79
1996,Guinea-Bissau,0,0,0,0,80
1996,Vietnam,0,0,0,0,81
1996,Estonia,0,0,0,0,82
1996,Venezuela,0,0,0,0,83
1996,Saint Kitts,0,0,0,0,84
1996,Andorra,0,0,0,0,85
1996,Lebanon,0,0,0,0,86
1996,Iraq,0,0,0,0,87
1996,Seychelles,0,0,0,0,88
1996,Guyana,0,0,0,0,89
1996,Yemen,0,0,0,0,90
1996,Uruguay,0,0,0,0,91
1996,Singapore,0,0,0,0,92
1996,Egypt,0,0,0,0,93
1996,Gambia,0,0,0,0,94
1996,Nauru,0,0,0,0,95
1996,Gabon,0,0,0,0,96
1996,Sudan,0,0,0,0,97
1996,Qatar,0,0,0,0,98
1996,Kuwait,0,0,0,0,99
1996,Dominica,0,0,0,0,100
1996,Malta,0,0,0,0,101
1996,Tanzania,0,0,0,0,102
1996,Cook Islands,0,0,0,0,103
1996,Jordan,0,0,0,0,104
1996,Burkina Faso,0,0,0,0,105
1996,Brunei,0,0,0,0,106
1996,Bahrain,0,0,0,0,107
1996,Pakistan,0,0,0,0,108
1996,Dominican Republic,0,0,0,0,109
1996,"Virgin Islands, British",0,0,0,0,110
1996,Macedonia,0,0,0,0,111
1996,Bangladesh,0,0,0,0,112
1996,Solomon Islands,0,0,0,0,113
1996,Belize,0,0,0,0,114
1996,American Samoa,0,0,0,0,115
1996,"Virgin Islands, US",0,0,0,0,116
1996,Central African Republic,0,0,0,0,117
1996,Lesotho,0,0,0,0,118
1996,Guam,0,0,0,0,119
1996,Albania,0,0,0,0,120
1996,Guatemala,0,0,0,0,121
1996,Liberia,0,0,0,0,122
1996,Chad,0,0,0,0,123
1996,Honduras,0,0,0,0,124
1996,Zimbabwe,0,0,0,0,125
1996,Malawi,0,0,0,0,126
1996,Mali,0,0,0,0,127
1996,Peru,0,0,0,0,128
1996,Antigua,0,0,0,0,129
1996,Palestine,0,0,0,0,130
1996,Libya,0,0,0,0,131
1996,Senegal,0,0,0,0,132
1996,Niger,0,0,0,0,133
1996,Mauritania,0,0,0,0,134
1996,Bosnia and Herzegovina,0,0,0,0,135
1996,Cayman Islands,0,0,0,0,136
1996,Ghana,0,0,0,0,137
1996,Chile,0,0,0,0,138
1996,Rwanda,0,0,0,0,139
1996,Swaziland,0,0,0,0,140
1996,Oman,0,0,0,0,141
1996,Sri Lanka,0,0,0,0,142
1996,Monaco,0,0,0,0,143
1996,Curacao,0,0,0,0,144
1996,Turkmenistan,0,0,0,0,145
1996,Sierra Leone,0,0,0,0,146
1996,Cambodia,0,0,0,0,147
1996,Mauritius,0,0,0,0,148
1996,Boliva,0,0,0,0,149
1996,Paraguay,0,0,0,0,150
1996,Djibouti,0,0,0,0,151
1996,Luxembourg,0,0,0,0,152
1996,Saint Lucia,0,0,0,0,153
1996,Colombia,0,0,0,0,154
1996,Haiti,0,0,0,0,155
1996,Ivory Coast,0,0,0,0,156
1996,Afghanistan,0,0,0,0,157
1996,Cameroon,0,0,0,0,158
1996,Equatorial Guinea,0,0,0,0,159
1996,Somalia,0,0,0,0,160
1996,Laos,0,0,0,0,161
1996,Republic of Congo,0,0,0,0,162
1996,Angola,0,0,0,0,163
1996,Sao Tome and Principe,0,0,0,0,164
1996,Grenada,0,0,0,0,165
1996,Cape Verde,0,0,0,0,166
1996,Botswana,0,0,0,0,167
1996,Kyrgyzstan,0,0,0,0,168
1996,Guinea,0,0,0,0,169
1996,Bermuda,0,0,0,0,170
1996,Barbados,0,0,0,0,171
1996,Myanmar,0,0,0,0,172
1996,Democratic Republic of the Congo,0,0,0,0,173
1996,Fiji,0,0,0,0,174
1996,Aruba,0,0,0,0,175
1996,Cyprus,0,0,0,0,176
1996,Bhutan,0,0,0,0,177
1996,San Marino,0,0,0,0,178
1996,Madagascar,0,0,0,0,179
1996,Comoros,0,0,0,0,180
1996,Iceland,0,0,0,0,181
1996,Panama,0,0,0,0,182
1996,Maldives,0,0,0,0,183
1996,Vanuatu,0,0,0,0,184
1996,Togo,0,0,0,0,185
1996,El Salvador,0,0,0,0,186
1996,Suriname,0,0,0,0,187
1996,Liechtenstein,0,0,0,0,188
1996,United Arab Emirates,0,0,0,0,189
1996,Saudi Arabia,0,0,0,0,190
1996,Tajikistan,0,0,0,0,191
1996,Saint Vincent,0,0,0,0,192
1996,Papua New Guinea,0,0,0,0,193
1996,Nepal,0,0,0,0,194
1996,Nicaragua,0,0,0,0,195
1996,Benin,0,0,0,0,196
1998,Finland,2,7,49,58,1
1998,Russia,14,32,6,52,2
1998,Canada,14,28,7,49,3
1998,Germany,22,12,10,44,4
1998,Norway,13,15,12,40,5
1998,USA,25,4,5,34,6
1998,Czech Republic,21,1,1,23,7
1998,Austria,3,5,12,20,8
1998,Italy,3,9,5,17,9
1998,France,2,1,12,15,10
1998,Switzerland,6,5,3,14,11
1998,China,0,9,5,14,12
1998,Japan,8,1,4,13,13
1998,South Korea,6,4,2,12,14
1998,Netherlands,5,4,2,11,15
1998,Sweden,0,2,5,7,16
1998,Denmark,0,5,0,5,17
1998,UK,0,0,4,4,18
1998,Belarus,0,0,2,2,19
1998,Kazakhstan,0,0,2,2,20
1998,Bulgaria,1,0,0,1,21
1998,Ukraine,0,1,0,1,22
1998,Australia,0,0,1,1,23
1998,Belgium,0,0,1,1,24
1998,Puerto Rico,0,0,0,0,25
1998,Romania,0,0,0,0,26
1998,Slovenia,0,0,0,0,27
1998,Estonia,0,0,0,0,28
1998,Mongolia,0,0,0,0,29
1998,Spain,0,0,0,0,30
1998,Slovakia,0,0,0,0,31
1998,Venezuela,0,0,0,0,32
1998,Azerbaijan,0,0,0,0,33
1998,Kenya,0,0,0,0,34
1998,Moldova,0,0,0,0,35
1998,Ireland,0,0,0,0,36
1998,Armenia,0,0,0,0,37
1998,Macedonia,0,0,0,0,38
1998,Latvia,0,0,0,0,39
1998,Turkey,0,0,0,0,40
1998,Argentina,0,0,0,0,41
1998,Andorra,0,0,0,0,42
1998,Georgia,0,0,0,0,43
1998,Monaco,0,0,0,0,44
1998,"Virgin Islands, US",0,0,0,0,45
1998,Brazil,0,0,0,0,46
1998,Uzbekistan,0,0,0,0,47
1998,North Korea,0,0,0,0,48
1998,Iran,0,0,0,0,49
1998,New Zealand,0,0,0,0,50
1998,Luxembourg,0,0,0,0,51
1998,India,0,0,0,0,52
1998,Uruguay,0,0,0,0,53
1998,Trinidad,0,0,0,0,54
1998,Greece,0,0,0,0,55
1998,Croatia,0,0,0,0,56
1998,Poland,0,0,0,0,57
1998,Taiwan,0,0,0,0,58
1998,Serbia,0,0,0,0,59
1998,Iceland,0,0,0,0,60
1998,Chile,0,0,0,0,61
1998,Liechtenstein,0,0,0,0,62
1998,Bermuda,0,0,0,0,63
1998,South Africa,0,0,0,0,64
1998,Jamaica,0,0,0,0,65
1998,Hungary,0,0,0,0,66
1998,Bosnia and Herzegovina,0,0,0,0,67
1998,Lithuania,0,0,0,0,68
1998,Israel,0,0,0,0,69
1998,Portugal,0,0,0,0,70
1998,Cyprus,0,0,0,0,71
1998,Kyrgyzstan,0,0,0,0,72
2000,USA,130,61,51,242,1
2000,Russia,66,67,54,187,2
2000,Australia,60,69,54,183,3
2000,Germany,31,23,64,118,4
2000,China,39,23,17,79,5
2000,Netherlands,27,29,23,79,6
2000,South Korea,12,26,35,73,7
2000,France,22,30,14,66,8
2000,Italy,22,14,29,65,9
2000,Cuba,18,35,12,65,10
2000,UK,22,20,12,54,11
2000,Hungary,25,24,4,53,12
2000,Brazil,0,12,36,48,13
2000,Romania,27,6,13,46,14
2000,Japan,5,31,8,44,15
2000,Norway,20,4,19,43,16
2000,Spain,3,19,20,42,17
2000,Ukraine,3,20,12,35,18
2000,Sweden,4,20,8,32,19
2000,Canada,4,4,23,31,20
2000,Denmark,18,3,4,25,21
2000,Serbia,11,1,13,25,22
2000,Poland,7,10,7,24,23
2000,Jamaica,0,20,3,23,24
2000,Belarus,3,8,11,22,25
2000,Argentina,0,17,3,20,26
2000,Cameroon,18,0,0,18,27
2000,Greece,4,6,8,18,28
2000,Lithuania,2,0,15,17,29
2000,Chile,0,0,17,17,30
2000,Switzerland,1,11,2,14,31
2000,Bulgaria,5,6,2,13,32
2000,Bahamas,6,0,5,11,33
2000,Croatia,1,0,9,10,34
2000,Czech Republic,2,3,4,9,35
2000,Nigeria,6,2,0,8,36
2000,Ethiopia,4,1,3,8,37
2000,Indonesia,2,4,2,8,38
2000,Kazakhstan,3,4,0,7,39
2000,Kenya,2,3,2,7,40
2000,Belgium,0,3,4,7,41
2000,Slovakia,2,3,1,6,42
2000,Mexico,1,2,3,6,43
2000,Georgia,0,0,6,6,44
2000,Turkey,3,0,2,5,45
2000,Finland,3,1,1,5,46
2000,Algeria,1,1,3,5,47
2000,Morocco,0,1,4,5,48
2000,South Africa,0,2,3,5,49
2000,Taiwan,0,1,4,5,50
2000,Austria,3,1,0,4,51
2000,Iran,3,0,1,4,52
2000,Uzbekistan,1,1,2,4,53
2000,New Zealand,1,0,3,4,54
2000,North Korea,0,1,3,4,55
2000,Slovenia,3,0,0,3,56
2000,Azerbaijan,2,0,1,3,57
2000,Latvia,1,1,1,3,58
2000,Estonia,1,0,2,3,59
2000,Thailand,1,0,2,3,60
2000,Trinidad,0,1,1,2,61
2000,Portugal,0,0,2,2,62
2000,Costa Rica,0,0,2,2,63
2000,Moldova,0,1,1,2,64
2000,Saudi Arabia,0,1,1,2,65
2000,Colombia,1,0,0,1,66
2000,Mozambique,1,0,0,1,67
2000,Kuwait,0,0,1,1,68
2000,Qatar,0,0,1,1,69
2000,Sri Lanka,0,1,0,1,70
2000,Kyrgyzstan,0,0,1,1,71
2000,Armenia,0,0,1,1,72
2000,Iceland,0,0,1,1,73
2000,Ireland,0,1,0,1,74
2000,Macedonia,0,0,1,1,75
2000,Vietnam,0,1,0,1,76
2000,Barbados,0,0,1,1,77
2000,Uruguay,0,1,0,1,78
2000,India,0,0,1,1,79
2000,Israel,0,0,1,1,80
2000,Dominica,0,0,0,0,81
2000,Peru,0,0,0,0,82
2000,Panama,0,0,0,0,83
2000,Somalia,0,0,0,0,84
2000,Seychelles,0,0,0,0,85
2000,Namibia,0,0,0,0,86
2000,Bosnia and Herzegovina,0,0,0,0,87
2000,Luxembourg,0,0,0,0,88
2000,Liechtenstein,0,0,0,0,89
2000,Nicaragua,0,0,0,0,90
2000,Libya,0,0,0,0,91
2000,Maldives,0,0,0,0,92
2000,Malawi,0,0,0,0,93
2000,Bangladesh,0,0,0,0,94
2000,Albania,0,0,0,0,95
2000,Cyprus,0,0,0,0,96
2000,Palestine,0,0,0,0,97
2000,El Salvador,0,0,0,0,98
2000,Sudan,0,0,0,0,99
2000,Jordan,0,0,0,0,100
2000,Saint Kitts,0,0,0,0,101
2000,Zimbabwe,0,0,0,0,102
2000,Myanmar,0,0,0,0,103
2000,Comoros,0,0,0,0,104
2000,Rwanda,0,0,0,0,105
2000,Tonga,0,0,0,0,106
2000,Fiji,0,0,0,0,107
2000,Mongolia,0,0,0,0,108
2000,Burkina Faso,0,0,0,0,109
2000,Malta,0,0,0,0,110
2000,Eritrea,0,0,0,0,111
2000,Ghana,0,0,0,0,112
2000,Palau,0,0,0,0,113
2000,Bhutan,0,0,0,0,114
2000,Liberia,0,0,0,0,115
2000,United Arab Emirates,0,0,0,0,116
2000,Cambodia,0,0,0,0,117
2000,Uganda,0,0,0,0,118
2000,Tunisia,0,0,0,0,119
2000,Vanuatu,0,0,0,0,120
2000,Nauru,0,0,0,0,121
2000,Venezuela,0,0,0,0,122
2000,Ecuador,0,0,0,0,123
2000,Bermuda,0,0,0,0,124
2000,Boliva,0,0,0,0,125
2000,Republic of Congo,0,0,0,0,126
2000,Andorra,0,0,0,0,127
2000,Niger,0,0,0,0,128
2000,Benin,0,0,0,0,129
2000,Honduras,0,0,0,0,130
2000,Cook Islands,0,0,0,0,131
2000,Antigua,0,0,0,0,132
2000,Turkmenistan,0,0,0,0,133
2000,"Virgin Islands, British",0,0,0,0,134
2000,Individual Olympic Athletes,0,0,0,0,135
2000,Democratic Republic of the Congo,0,0,0,0,136
2000,Monaco,0,0,0,0,137
2000,Guinea-Bissau,0,0,0,0,138
2000,Bahrain,0,0,0,0,139
2000,Curacao,0,0,0,0,140
2000,Cape Verde,0,0,0,0,141
2000,Mali,0,0,0,0,142
2000,Iraq,0,0,0,0,143
2000,Yemen,0,0,0,0,144
2000,Djibouti,0,0,0,0,145
2000,Syria,0,0,0,0,146
2000,Dominican Republic,0,0,0,0,147
2000,Equatorial Guinea,0,0,0,0,148
2000,Haiti,0,0,0,0,149
2000,Saint Vincent,0,0,0,0,150
2000,Mauritius,0,0,0,0,151
2000,Zambia,0,0,0,0,152
2000,Guyana,0,0,0,0,153
2000,Cayman Islands,0,0,0,0,154
2000,Lebanon,0,0,0,0,155
2000,Burundi,0,0,0,0,156
2000,Malaysia,0,0,0,0,157
2000,Gambia,0,0,0,0,158
2000,Swaziland,0,0,0,0,159
2000,Aruba,0,0,0,0,160
2000,"Virgin Islands, US",0,0,0,0,161
2000,Philippines,0,0,0,0,162
2000,Solomon Islands,0,0,0,0,163
2000,Suriname,0,0,0,0,164
2000,Togo,0,0,0,0,165
2000,Belize,0,0,0,0,166
2000,Lesotho,0,0,0,0,167
2000,Chad,0,0,0,0,168
2000,Tanzania,0,0,0,0,169
2000,Madagascar,0,0,0,0,170
2000,Paraguay,0,0,0,0,171
2000,American Samoa,0,0,0,0,172
2000,Puerto Rico,0,0,0,0,173
2000,Guinea,0,0,0,0,174
2000,Mauritania,0,0,0,0,175
2000,Samoa,0,0,0,0,176
2000,Angola,0,0,0,0,177
2000,Egypt,0,0,0,0,178
2000,Laos,0,0,0,0,179
2000,Grenada,0,0,0,0,180
2000,Senegal,0,0,0,0,181
2000,Saint Lucia,0,0,0,0,182
2000,San Marino,0,0,0,0,183
2000,Oman,0,0,0,0,184
2000,Tajikistan,0,0,0,0,185
2000,Sierra Leone,0,0,0,0,186
2000,Guatemala,0,0,0,0,187
2000,Ivory Coast,0,0,0,0,188
2000,Papua New Guinea,0,0,0,0,189
2000,Micronesia,0,0,0,0,190
2000,Pakistan,0,0,0,0,191
2000,Botswana,0,0,0,0,192
2000,Singapore,0,0,0,0,193
2000,Central African Republic,0,0,0,0,194
2000,Gabon,0,0,0,0,195
2000,Sao Tome and Principe,0,0,0,0,196
2000,Brunei,0,0,0,0,197
2000,Nepal,0,0,0,0,198
2000,Guam,0,0,0,0,199
2002,USA,11,58,15,84,1
2002,Canada,52,7,15,74,2
2002,Germany,26,23,12,61,3
2002,Norway,23,11,7,41,4
2002,Russia,6,5,27,38,5
2002,Sweden,0,2,24,26,6
2002,Switzerland,3,7,14,24,7
2002,Italy,4,11,6,21,8
2002,Austria,3,4,13,20,9
2002,China,2,5,9,16,10
2002,France,5,5,5,15,11
2002,Finland,7,5,1,13,12
2002,Netherlands,3,5,0,8,13
2002,South Korea,5,2,0,7,14
2002,UK,5,0,1,6,15
2002,Croatia,3,1,0,4,16
2002,Slovenia,0,0,4,4,17
2002,Estonia,1,1,1,3,18
2002,Czech Republic,1,2,0,3,19
2002,Bulgaria,0,1,2,3,20
2002,Australia,2,0,0,2,21
2002,Japan,0,1,1,2,22
2002,Poland,0,1,1,2,23
2002,Belarus,0,0,1,1,24
2002,Cameroon,0,0,0,0,25
2002,Macedonia,0,0,0,0,26
2002,San Marino,0,0,0,0,27
2002,Armenia,0,0,0,0,28
2002,Trinidad,0,0,0,0,29
2002,Fiji,0,0,0,0,30
2002,Nepal,0,0,0,0,31
2002,New Zealand,0,0,0,0,32
2002,Tajikistan,0,0,0,0,33
2002,Kyrgyzstan,0,0,0,0,34
2002,Iran,0,0,0,0,35
2002,Greece,0,0,0,0,36
2002,Serbia,0,0,0,0,37
2002,Monaco,0,0,0,0,38
2002,Kenya,0,0,0,0,39
2002,Liechtenstein,0,0,0,0,40
2002,Venezuela,0,0,0,0,41
2002,Lebanon,0,0,0,0,42
2002,Ukraine,0,0,0,0,43
2002,Romania,0,0,0,0,44
2002,Andorra,0,0,0,0,45
2002,Spain,0,0,0,0,46
2002,Moldova,0,0,0,0,47
2002,Cyprus,0,0,0,0,48
2002,India,0,0,0,0,49
2002,Israel,0,0,0,0,50
2002,South Africa,0,0,0,0,51
2002,Thailand,0,0,0,0,52
2002,"Virgin Islands, US",0,0,0,0,53
2002,Chile,0,0,0,0,54
2002,Jamaica,0,0,0,0,55
2002,Slovakia,0,0,0,0,56
2002,Iceland,0,0,0,0,57
2002,Argentina,0,0,0,0,58
2002,Hungary,0,0,0,0,59
2002,Kazakhstan,0,0,0,0,60
2002,Turkey,0,0,0,0,61
2002,Denmark,0,0,0,0,62
2002,Lithuania,0,0,0,0,63
2002,Ireland,0,0,0,0,64
2002,Georgia,0,0,0,0,65
2002,Mongolia,0,0,0,0,66
2002,Bosnia and Herzegovina,0,0,0,0,67
2002,Uzbekistan,0,0,0,0,68
2002,Bermuda,0,0,0,0,69
2002,Azerbaijan,0,0,0,0,70
2002,Belgium,0,0,0,0,71
2002,Costa Rica,0,0,0,0,72
2002,Brazil,0,0,0,0,73
2002,Mexico,0,0,0,0,74
2002,Latvia,0,0,0,0,75
2002,Taiwan,0,0,0,0,76
2004,USA,117,75,71,263,1
2004,Russia,48,46,95,189,2
2004,Australia,49,77,31,157,3
2004,Germany,41,45,63,149,4
2004,Italy,24,41,39,104,5
2004,China,52,29,15,96,6
2004,Japan,21,20,52,93,7
2004,Netherlands,4,51,22,77,8
2004,Cuba,32,8,22,62,9
2004,UK,17,25,15,57,10
2004,France,21,10,22,53,11
2004,South Korea,14,28,10,52,12
2004,Argentina,28,0,21,49,13
2004,Ukraine,8,8,31,47,14
2004,Hungary,24,12,4,40,15
2004,Brazil,18,19,3,40,16
2004,Romania,23,5,11,39,17
2004,Greece,8,18,5,31,18
2004,Spain,4,17,9,30,19
2004,Denmark,19,1,9,29,20
2004,Croatia,15,3,3,21,21
2004,Canada,3,10,4,17,22
2004,Bulgaria,2,1,14,17,23
2004,Paraguay,0,17,0,17,24
2004,Belarus,2,5,8,15,25
2004,Jamaica,6,1,6,13,26
2004,Czech Republic,1,6,6,13,27
2004,Serbia,0,13,0,13,28
2004,Sweden,5,5,2,12,29
2004,Poland,4,2,6,12,30
2004,Turkey,3,3,5,11,31
2004,South Africa,4,3,3,10,32
2004,Slovakia,3,2,5,10,33
2004,Taiwan,2,4,3,9,34
2004,Austria,3,4,1,8,35
2004,Thailand,3,1,4,8,36
2004,Kazakhstan,1,4,3,8,37
2004,Nigeria,0,0,8,8,38
2004,Norway,5,0,2,7,39
2004,Ethiopia,2,3,2,7,40
2004,Switzerland,1,2,4,7,41
2004,Kenya,1,4,2,7,42
2004,New Zealand,4,2,0,6,43
2004,Iran,2,2,2,6,44
2004,Uzbekistan,2,1,2,5,45
2004,Egypt,1,1,3,5,46
2004,Azerbaijan,1,0,4,5,47
2004,Indonesia,1,1,3,5,48
2004,North Korea,0,4,1,5,49
2004,Slovenia,0,2,3,5,50
2004,Chile,3,0,1,4,51
2004,Georgia,2,2,0,4,52
2004,Latvia,0,4,0,4,53
2004,Mexico,0,3,1,4,54
2004,Morocco,2,1,0,3,55
2004,Belgium,1,0,2,3,56
2004,Zimbabwe,1,1,1,3,57
2004,Lithuania,1,2,0,3,58
2004,Portugal,0,2,1,3,59
2004,Estonia,0,1,2,3,60
2004,Bahamas,1,0,1,2,61
2004,Israel,1,0,1,2,62
2004,Colombia,0,0,2,2,63
2004,Venezuela,0,0,2,2,64
2004,Finland,0,2,0,2,65
2004,Dominican Republic,1,0,0,1,66
2004,United Arab Emirates,1,0,0,1,67
2004,Cameroon,1,0,0,1,68
2004,India,0,1,0,1,69
2004,Eritrea,0,0,1,1,70
2004,Mongolia,0,0,1,1,71
2004,Trinidad,0,0,1,1,72
2004,Syria,0,0,1,1,73
2004,Iraq,0,0,0,0,74
2004,Central African Republic,0,0,0,0,75
2004,Brunei,0,0,0,0,76
2004,Yemen,0,0,0,0,77
2004,Liberia,0,0,0,0,78
2004,Turkmenistan,0,0,0,0,79
2004,"Virgin Islands, British",0,0,0,0,80
2004,Armenia,0,0,0,0,81
2004,Nicaragua,0,0,0,0,82
2004,Mauritius,0,0,0,0,83
2004,Saint Vincent,0,0,0,0,84
2004,Honduras,0,0,0,0,85
2004,Mauritania,0,0,0,0,86
2004,American Samoa,0,0,0,0,87
2004,Gambia,0,0,0,0,88
2004,Qatar,0,0,0,0,89
2004,Niger,0,0,0,0,90
2004,Libya,0,0,0,0,91
2004,Antigua,0,0,0,0,92
2004,Bhutan,0,0,0,0,93
2004,Uganda,0,0,0,0,94
2004,Micronesia,0,0,0,0,95
2004,Dominica,0,0,0,0,96
2004,Suriname,0,0,0,0,97
2004,Monaco,0,0,0,0,98
2004,Comoros,0,0,0,0,99
2004,Burundi,0,0,0,0,100
2004,Tunisia,0,0,0,0,101
2004,Singapore-2,0,0,0,0,102
2004,Singapore,0,0,0,0,103
2004,Nepal,0,0,0,0,104
2004,Swaziland,0,0,0,0,105
2004,Seychelles,0,0,0,0,106
2004,Kuwait,0,0,0,0,107
2004,Philippines,0,0,0,0,108
2004,Sao Tome and Principe,0,0,0,0,109
2004,Namibia,0,0,0,0,110
2004,Solomon Islands,0,0,0,0,111
2004,Botswana,0,0,0,0,112
2004,Bosnia and Herzegovina,0,0,0,0,113
2004,Cayman Islands,0,0,0,0,114
2004,Ivory Coast,0,0,0,0,115
2004,Afghanistan,0,0,0,0,116
2004,Saint Kitts,0,0,0,0,117
2004,Pakistan,0,0,0,0,118
2004,Saudi Arabia,0,0,0,0,119
2004,Angola,0,0,0,0,120
2004,El Salvador,0,0,0,0,121
2004,Cambodia,0,0,0,0,122
2004,Barbados,0,0,0,0,123
2004,"Virgin Islands, US",0,0,0,0,124
2004,Liechtenstein,0,0,0,0,125
2004,Costa Rica,0,0,0,0,126
2004,Madagascar,0,0,0,0,127
2004,Gabon,0,0,0,0,128
2004,Guinea,0,0,0,0,129
2004,Ghana,0,0,0,0,130
2004,Moldova,0,0,0,0,131
2004,Benin,0,0,0,0,132
2004,Guinea-Bissau,0,0,0,0,133
2004,Oman,0,0,0,0,134
2004,Jordan,0,0,0,0,135
2004,Sierra Leone,0,0,0,0,136
2004,Palestine,0,0,0,0,137
2004,Maldives,0,0,0,0,138
2004,Panama,0,0,0,0,139
2004,Aruba,0,0,0,0,140
2004,Palau,0,0,0,0,141
2004,Myanmar,0,0,0,0,142
2004,Guatemala,0,0,0,0,143
2004,Malta,0,0,0,0,144
2004,Iceland,0,0,0,0,145
2004,Ecuador,0,0,0,0,146
2004,Tanzania,0,0,0,0,147
2004,Malawi,0,0,0,0,148
2004,Tonga,0,0,0,0,149
2004,Malaysia,0,0,0,0,150
2004,Cape Verde,0,0,0,0,151
2004,Samoa,0,0,0,0,152
2004,Senegal,0,0,0,0,153
2004,Puerto Rico,0,0,0,0,154
2004,Luxembourg,0,0,0,0,155
2004,Guyana,0,0,0,0,156
2004,Timor-Leste,0,0,0,0,157
2004,Nauru,0,0,0,0,158
2004,Cook Islands,0,0,0,0,159
2004,Kyrgyzstan,0,0,0,0,160
2004,Lesotho,0,0,0,0,161
2004,Papua New Guinea,0,0,0,0,162
2004,Macedonia,0,0,0,0,163
2004,Tajikistan,0,0,0,0,164
2004,Bangladesh,0,0,0,0,165
2004,Fiji,0,0,0,0,166
2004,Haiti,0,0,0,0,167
2004,Andorra,0,0,0,0,168
2004,Mozambique,0,0,0,0,169
2004,Laos,0,0,0,0,170
2004,Sri Lanka,0,0,0,0,171
2004,Peru,0,0,0,0,172
2004,Curacao,0,0,0,0,173
2004,Lebanon,0,0,0,0,174
2004,Vanuatu,0,0,0,0,175
2004,Cyprus,0,0,0,0,176
2004,Rwanda,0,0,0,0,177
2004,Saint Lucia,0,0,0,0,178
2004,San Marino,0,0,0,0,179
2004,Zambia,0,0,0,0,180
2004,Guam,0,0,0,0,181
2004,Uruguay,0,0,0,0,182
2004,Democratic Republic of the Congo,0,0,0,0,183
2004,Sudan,0,0,0,0,184
2004,Togo,0,0,0,0,185
2004,Albania,0,0,0,0,186
2004,Ireland,0,0,0,0,187
2004,Equatorial Guinea,0,0,0,0,188
2004,Vietnam,0,0,0,0,189
2004,Somalia,0,0,0,0,190
2004,Kiribati,0,0,0,0,191
2004,Singapore-1,0,0,0,0,192
2004,Bahrain,0,0,0,0,193
2004,Mali,0,0,0,0,194
2004,Burkina Faso,0,0,0,0,195
2004,Grenada,0,0,0,0,196
2004,Boliva,0,0,0,0,197
2004,Chad,0,0,0,0,198
2004,Algeria,0,0,0,0,199
2004,Belize,0,0,0,0,200
2004,Bermuda,0,0,0,0,201
2004,Republic of Congo,0,0,0,0,202
2006,Canada,30,28,11,69,1
2006,Sweden,35,21,8,64,2
2006,Germany,23,25,6,54,3
2006,USA,9,11,32,52,4
2006,Russia,16,12,13,41,5
2006,Finland,0,34,7,41,6
2006,Austria,16,7,7,30,7
2006,Czech Republic,1,2,24,27,8
2006,Italy,11,0,14,25,9
2006,Norway,2,9,12,23,10
2006,Switzerland,5,7,9,21,11
2006,South Korea,14,3,2,19,12
2006,France,3,2,10,15,13
2006,Netherlands,3,2,8,13,14
2006,China,2,5,6,13,15
2006,Estonia,3,0,0,3,16
2006,Croatia,1,2,0,3,17
2006,Ukraine,0,0,3,3,18
2006,Australia,1,0,1,2,19
2006,Poland,0,1,1,2,20
2006,Japan,1,0,0,1,21
2006,Bulgaria,0,1,0,1,22
2006,Belarus,0,1,0,1,23
2006,Latvia,0,0,1,1,24
2006,UK,0,1,0,1,25
2006,Slovakia,0,1,0,1,26
2006,Albania,0,0,0,0,27
2006,Romania,0,0,0,0,28
2006,Monaco,0,0,0,0,29
2006,Andorra,0,0,0,0,30
2006,Madagascar,0,0,0,0,31
2006,Israel,0,0,0,0,32
2006,North Korea,0,0,0,0,33
2006,Nepal,0,0,0,0,34
2006,Georgia,0,0,0,0,35
2006,Spain,0,0,0,0,36
2006,South Africa,0,0,0,0,37
2006,Mongolia,0,0,0,0,38
2006,Kazakhstan,0,0,0,0,39
2006,Thailand,0,0,0,0,40
2006,Iceland,0,0,0,0,41
2006,New Zealand,0,0,0,0,42
2006,Moldova,0,0,0,0,43
2006,Portugal,0,0,0,0,44
2006,Ireland,0,0,0,0,45
2006,Bosnia and Herzegovina,0,0,0,0,46
2006,Uzbekistan,0,0,0,0,47
2006,Macedonia,0,0,0,0,48
2006,San Marino,0,0,0,0,49
2006,Venezuela,0,0,0,0,50
2006,Algeria,0,0,0,0,51
2006,Iran,0,0,0,0,52
2006,Greece,0,0,0,0,53
2006,Denmark,0,0,0,0,54
2006,Cyprus,0,0,0,0,55
2006,Ethiopia,0,0,0,0,56
2006,Serbia,0,0,0,0,57
2006,Slovenia,0,0,0,0,58
2006,Turkey,0,0,0,0,59
2006,Bermuda,0,0,0,0,60
2006,Lebanon,0,0,0,0,61
2006,India,0,0,0,0,62
2006,Hungary,0,0,0,0,63
2006,Belgium,0,0,0,0,64
2006,Tajikistan,0,0,0,0,65
2006,Taiwan,0,0,0,0,66
2006,Costa Rica,0,0,0,0,67
2006,Brazil,0,0,0,0,68
2006,Luxembourg,0,0,0,0,69
2006,Armenia,0,0,0,0,70
2006,Chile,0,0,0,0,71
2006,Argentina,0,0,0,0,72
2006,Senegal,0,0,0,0,73
2006,Kenya,0,0,0,0,74
2006,Lithuania,0,0,0,0,75
2006,Liechtenstein,0,0,0,0,76
2006,Kyrgyzstan,0,0,0,0,77
2006,Azerbaijan,0,0,0,0,78
2008,USA,127,110,80,317,1
2008,China,74,53,57,184,2
2008,Australia,31,42,76,149,3
2008,Russia,43,46,53,142,4
2008,Germany,42,16,41,99,5
2008,UK,31,25,25,81,6
2008,South Korea,41,11,26,78,7
2008,Brazil,14,34,30,78,8
2008,France,25,24,28,77,9
2008,Spain,7,47,16,70,10
2008,Netherlands,39,18,4,61,11
2008,Japan,23,15,13,51,12
2008,Argentina,20,0,31,51,13
2008,Cuba,2,34,11,47,14
2008,Italy,8,14,20,42,15
2008,Canada,11,13,11,35,16
2008,Ukraine,10,5,16,31,17
2008,Belarus,8,5,16,29,18
2008,Hungary,16,8,3,27,19
2008,Nigeria,0,16,7,23,20
2008,Norway,16,5,1,22,21
2008,Romania,5,1,16,22,22
2008,Poland,6,13,1,20,23
2008,Denmark,6,7,6,19,24
2008,Kenya,6,4,5,15,25
2008,New Zealand,4,2,9,15,26
2008,Serbia,0,1,14,15,27
2008,Jamaica,5,3,6,14,28
2008,Iceland,0,14,0,14,29
2008,Kazakhstan,2,4,7,13,30
2008,Switzerland,3,1,7,11,31
2008,Slovakia,4,5,1,10,32
2008,Ethiopia,4,1,2,7,33
2008,Czech Republic,3,4,0,7,34
2008,Indonesia,2,2,3,7,35
2008,Turkey,1,3,3,7,36
2008,Azerbaijan,1,2,4,7,37
2008,Greece,0,3,4,7,38
2008,Sweden,0,5,2,7,39
2008,Bahamas,0,6,1,7,40
2008,Trinidad,5,1,0,6,41
2008,Georgia,3,0,3,6,42
2008,North Korea,2,1,3,6,43
2008,Uzbekistan,1,2,3,6,44
2008,Armenia,0,0,6,6,45
2008,Finland,1,2,2,5,46
2008,Bulgaria,1,1,3,5,47
2008,Slovenia,1,2,2,5,48
2008,Belgium,1,4,0,5,49
2008,Lithuania,0,2,3,5,50
2008,Croatia,0,2,3,5,51
2008,Mexico,2,0,2,4,52
2008,Mongolia,2,2,0,4,53
2008,Thailand,2,2,0,4,54
2008,Zimbabwe,1,3,0,4,55
2008,Taiwan,0,0,4,4,56
2008,Latvia,1,1,1,3,57
2008,Estonia,1,2,0,3,58
2008,India,1,0,2,3,59
2008,Austria,0,1,2,3,60
2008,Ireland,0,1,2,3,61
2008,Singapore,0,3,0,3,62
2008,Portugal,1,1,0,2,63
2008,Dominican Republic,1,1,0,2,64
2008,Iran,1,0,1,2,65
2008,Algeria,0,1,1,2,66
2008,Colombia,0,1,1,2,67
2008,Tajikistan,0,1,1,2,68
2008,Morocco,0,1,1,2,69
2008,Kyrgyzstan,0,1,1,2,70
2008,Panama,1,0,0,1,71
2008,Cameroon,1,0,0,1,72
2008,Tunisia,1,0,0,1,73
2008,Mauritius,0,0,1,1,74
2008,Sudan,0,1,0,1,75
2008,Afghanistan,0,0,1,1,76
2008,Venezuela,0,0,1,1,77
2008,Moldova,0,0,1,1,78
2008,Vietnam,0,1,0,1,79
2008,Ecuador,0,1,0,1,80
2008,Malaysia,0,1,0,1,81
2008,South Africa,0,1,0,1,82
2008,Chile,0,1,0,1,83
2008,Togo,0,0,1,1,84
2008,Israel,0,0,1,1,85
2008,Egypt,0,0,1,1,86
2008,Nicaragua,0,0,0,0,87
2008,Cape Verde,0,0,0,0,88
2008,Vanuatu,0,0,0,0,89
2008,Tanzania,0,0,0,0,90
2008,Myanmar,0,0,0,0,91
2008,Somalia,0,0,0,0,92
2008,Andorra,0,0,0,0,93
2008,Palau,0,0,0,0,94
2008,Comoros,0,0,0,0,95
2008,Cyprus,0,0,0,0,96
2008,Micronesia,0,0,0,0,97
2008,Boliva,0,0,0,0,98
2008,Gambia,0,0,0,0,99
2008,El Salvador,0,0,0,0,100
2008,Iraq,0,0,0,0,101
2008,Senegal,0,0,0,0,102
2008,"Virgin Islands, British",0,0,0,0,103
2008,Burundi,0,0,0,0,104
2008,Botswana,0,0,0,0,105
2008,Equatorial Guinea,0,0,0,0,106
2008,Mozambique,0,0,0,0,107
2008,Belize,0,0,0,0,108
2008,Tonga,0,0,0,0,109
2008,Burkina Faso,0,0,0,0,110
2008,Ghana,0,0,0,0,111
2008,Grenada,0,0,0,0,112
2008,Djibouti,0,0,0,0,113
2008,Luxembourg,0,0,0,0,114
2008,Central African Republic,0,0,0,0,115
2008,Niger,0,0,0,0,116
2008,Macedonia,0,0,0,0,117
2008,Fiji,0,0,0,0,118
2008,Nepal,0,0,0,0,119
2008,Montenegro,0,0,0,0,120
2008,San Marino,0,0,0,0,121
2008,Uruguay,0,0,0,0,122
2008,Nauru,0,0,0,0,123
2008,Eritrea,0,0,0,0,124
2008,Paraguay,0,0,0,0,125
2008,Honduras,0,0,0,0,126
2008,Puerto Rico,0,0,0,0,127
2008,Antigua,0,0,0,0,128
2008,Timor-Leste,0,0,0,0,129
2008,Chad,0,0,0,0,130
2008,Palestine,0,0,0,0,131
2008,Costa Rica,0,0,0,0,132
2008,Guinea-Bissau,0,0,0,0,133
2008,NA,0,0,0,0,134
2008,Marshall Islands,0,0,0,0,135
2008,Namibia,0,0,0,0,136
2008,Uganda,0,0,0,0,137
2008,Solomon Islands,0,0,0,0,138
2008,Samoa,0,0,0,0,139
2008,United Arab Emirates,0,0,0,0,140
2008,Pakistan,0,0,0,0,141
2008,Zambia,0,0,0,0,142
2008,Malta,0,0,0,0,143
2008,Benin,0,0,0,0,144
2008,Bermuda,0,0,0,0,145
2008,Saint Vincent,0,0,0,0,146
2008,Barbados,0,0,0,0,147
2008,Guyana,0,0,0,0,148
2008,Oman,0,0,0,0,149
2008,Swaziland,0,0,0,0,150
2008,Cook Islands,0,0,0,0,151
2008,Gabon,0,0,0,0,152
2008,Libya,0,0,0,0,153
2008,Guatemala,0,0,0,0,154
2008,Saint Kitts,0,0,0,0,155
2008,Maldives,0,0,0,0,156
2008,Albania,0,0,0,0,157
2008,Saudi Arabia,0,0,0,0,158
2008,Syria,0,0,0,0,159
2008,Aruba,0,0,0,0,160
2008,Bangladesh,0,0,0,0,161
2008,Angola,0,0,0,0,162
2008,Haiti,0,0,0,0,163
2008,Saint Lucia,0,0,0,0,164
2008,Guam,0,0,0,0,165
2008,Cayman Islands,0,0,0,0,166
2008,Madagascar,0,0,0,0,167
2008,Guinea,0,0,0,0,168
2008,Turkmenistan,0,0,0,0,169
2008,Lebanon,0,0,0,0,170
2008,Curacao,0,0,0,0,171
2008,Kiribati,0,0,0,0,172
2008,Mali,0,0,0,0,173
2008,Bosnia and Herzegovina,0,0,0,0,174
2008,Lesotho,0,0,0,0,175
2008,Malawi,0,0,0,0,176
2008,Papua New Guinea,0,0,0,0,177
2008,Democratic Republic of the Congo,0,0,0,0,178
2008,Liberia,0,0,0,0,179
2008,Bhutan,0,0,0,0,180
2008,Jordan,0,0,0,0,181
2008,Philippines,0,0,0,0,182
2008,Sao Tome and Principe,0,0,0,0,183
2008,Cambodia,0,0,0,0,184
2008,Qatar,0,0,0,0,185
2008,Sierra Leone,0,0,0,0,186
2008,Dominica,0,0,0,0,187
2008,Yemen,0,0,0,0,188
2008,Laos,0,0,0,0,189
2008,Suriname,0,0,0,0,190
2008,Monaco,0,0,0,0,191
2008,Ivory Coast,0,0,0,0,192
2008,Bahrain,0,0,0,0,193
2008,Republic of Congo,0,0,0,0,194
2008,Liechtenstein,0,0,0,0,195
2008,Seychelles,0,0,0,0,196
2008,Sri Lanka,0,0,0,0,197
2008,Mauritania,0,0,0,0,198
2008,Rwanda,0,0,0,0,199
2008,American Samoa,0,0,0,0,200
2008,Kuwait,0,0,0,0,201
2008,Peru,0,0,0,0,202
2008,"Virgin Islands, US",0,0,0,0,203
2010,USA,12,63,22,97,1
2010,Canada,67,15,8,90,2
2010,Germany,15,24,15,54,3
2010,Finland,0,1,46,47,4
2010,Norway,16,14,9,39,5
2010,Austria,11,9,6,26,6
2010,Russia,6,5,14,25,7
2010,China,9,3,7,19,8
2010,Sweden,11,3,4,18,9
2010,South Korea,6,10,2,18,10
2010,France,2,6,6,14,11
2010,Switzerland,6,0,6,12,12
2010,Netherlands,4,1,6,11,13
2010,Czech Republic,2,0,7,9,14
2010,Poland,1,3,4,8,15
2010,Japan,0,5,2,7,16
2010,Italy,1,1,3,5,17
2010,Australia,2,1,0,3,18
2010,Belarus,1,1,1,3,19
2010,Slovakia,1,1,1,3,20
2010,Latvia,0,3,0,3,21
2010,Slovenia,0,2,1,3,22
2010,Croatia,0,2,1,3,23
2010,UK,1,0,0,1,24
2010,Estonia,0,1,0,1,25
2010,Kazakhstan,0,1,0,1,26
2010,Albania,0,0,0,0,27
2010,North Korea,0,0,0,0,28
2010,Ethiopia,0,0,0,0,29
2010,Jamaica,0,0,0,0,30
2010,Mongolia,0,0,0,0,31
2010,Israel,0,0,0,0,32
2010,Romania,0,0,0,0,33
2010,Andorra,0,0,0,0,34
2010,Peru,0,0,0,0,35
2010,Lithuania,0,0,0,0,36
2010,Cyprus,0,0,0,0,37
2010,Nepal,0,0,0,0,38
2010,Montenegro,0,0,0,0,39
2010,India,0,0,0,0,40
2010,Spain,0,0,0,0,41
2010,Ireland,0,0,0,0,42
2010,Turkey,0,0,0,0,43
2010,Bermuda,0,0,0,0,44
2010,Uzbekistan,0,0,0,0,45
2010,Taiwan,0,0,0,0,46
2010,San Marino,0,0,0,0,47
2010,Morocco,0,0,0,0,48
2010,Hungary,0,0,0,0,49
2010,Greece,0,0,0,0,50
2010,Portugal,0,0,0,0,51
2010,New Zealand,0,0,0,0,52
2010,Chile,0,0,0,0,53
2010,Mexico,0,0,0,0,54
2010,Brazil,0,0,0,0,55
2010,Senegal,0,0,0,0,56
2010,Cayman Islands,0,0,0,0,57
2010,Argentina,0,0,0,0,58
2010,Armenia,0,0,0,0,59
2010,Colombia,0,0,0,0,60
2010,Iceland,0,0,0,0,61
2010,Pakistan,0,0,0,0,62
2010,Serbia,0,0,0,0,63
2010,Ghana,0,0,0,0,64
2010,Kyrgyzstan,0,0,0,0,65
2010,Lebanon,0,0,0,0,66
2010,Georgia,0,0,0,0,67
2010,Tajikistan,0,0,0,0,68
2010,Ukraine,0,0,0,0,69
2010,Monaco,0,0,0,0,70
2010,Algeria,0,0,0,0,71
2010,Bosnia and Herzegovina,0,0,0,0,72
2010,Denmark,0,0,0,0,73
2010,Azerbaijan,0,0,0,0,74
2010,South Africa,0,0,0,0,75
2010,Bulgaria,0,0,0,0,76
2010,Belgium,0,0,0,0,77
2010,Moldova,0,0,0,0,78
2010,Iran,0,0,0,0,79
2010,Macedonia,0,0,0,0,80
2010,Liechtenstein,0,0,0,0,81
2012,USA,145,57,46,248,1
2012,Russia,50,39,51,140,2
2012,China,56,40,30,126,3
2012,UK,48,30,48,126,4
2012,Australia,18,37,59,114,5
2012,Germany,45,27,22,94,6
2012,Japan,7,44,33,84,7
2012,France,30,30,22,82,8
2012,Netherlands,21,29,19,69,9
2012,Italy,16,22,30,68,10
2012,Spain,5,33,25,63,11
2012,South Korea,18,13,30,61,12
2012,Brazil,14,34,11,59,13
2012,Canada,1,21,33,55,14
2012,Croatia,15,4,16,35,15
2012,New Zealand,9,3,15,27,16
2012,Hungary,12,8,6,26,17
2012,Ukraine,9,5,12,26,18
2012,Jamaica,8,9,8,25,19
2012,Mexico,16,5,3,24,20
2012,Belarus,3,12,8,23,21
2012,Sweden,2,17,3,22,22
2012,Argentina,1,15,3,19,23
2012,Norway,15,1,1,17,24
2012,Denmark,3,5,8,16,25
2012,Romania,2,8,6,16,26
2012,Serbia,1,1,14,16,27
2012,Cuba,5,3,6,14,28
2012,Czech Republic,4,4,6,14,29
2012,Montenegro,0,14,0,14,30
2012,Kazakhstan,7,1,5,13,31
2012,Iran,4,5,3,12,32
2012,Poland,2,2,8,12,33
2012,Kenya,2,4,5,11,34
2012,Azerbaijan,2,2,6,10,35
2012,Trinidad,1,4,5,10,36
2012,South Africa,6,2,1,9,37
2012,Colombia,1,3,4,8,38
2012,Ethiopia,3,1,3,7,39
2012,Georgia,1,3,3,7,40
2012,North Korea,4,0,2,6,41
2012,India,0,2,4,6,42
2012,Turkey,2,2,1,5,43
2012,Lithuania,2,1,2,5,44
2012,Slovenia,1,1,3,5,45
2012,Ireland,1,1,3,5,46
2012,Mongolia,0,2,3,5,47
2012,Slovakia,0,1,4,5,48
2012,Finland,0,1,4,5,49
2012,Bahamas,4,0,0,4,50
2012,Switzerland,2,2,0,4,51
2012,Singapore,0,0,4,4,52
2012,Saudi Arabia,0,0,4,4,53
2012,Latvia,1,0,2,3,54
2012,Uzbekistan,1,0,2,3,55
2012,Tunisia,1,1,1,3,56
2012,Thailand,0,2,1,3,57
2012,Belgium,0,1,2,3,58
2012,Armenia,0,1,2,3,59
2012,Greece,0,0,3,3,60
2012,Dominican Republic,1,1,0,2,61
2012,Portugal,0,2,0,2,62
2012,Indonesia,0,1,1,2,63
2012,Bulgaria,0,1,1,2,64
2012,Puerto Rico,0,1,1,2,65
2012,Estonia,0,1,1,2,66
2012,Moldova,0,0,2,2,67
2012,Taiwan,0,1,1,2,68
2012,Malaysia,0,1,1,2,69
2012,Qatar,0,0,2,2,70
2012,Egypt,0,2,0,2,71
2012,Grenada,1,0,0,1,72
2012,Venezuela,1,0,0,1,73
2012,Algeria,1,0,0,1,74
2012,Uganda,1,0,0,1,75
2012,Tajikistan,0,0,1,1,76
2012,Gabon,0,1,0,1,77
2012,Guatemala,0,1,0,1,78
2012,Cyprus,0,1,0,1,79
2012,Kuwait,0,0,1,1,80
2012,Botswana,0,1,0,1,81
2012,Morocco,0,0,1,1,82
2012,Afghanistan,0,0,1,1,83
2012,Bahrain,0,0,1,1,84
2012,Cayman Islands,0,0,0,0,85
2012,Saint Vincent,0,0,0,0,86
2012,Yemen,0,0,0,0,87
2012,Samoa,0,0,0,0,88
2012,Ecuador,0,0,0,0,89
2012,Togo,0,0,0,0,90
2012,Albania,0,0,0,0,91
2012,Mozambique,0,0,0,0,92
2012,Saint Kitts,0,0,0,0,93
2012,Benin,0,0,0,0,94
2012,Honduras,0,0,0,0,95
2012,Rwanda,0,0,0,0,96
2012,Liberia,0,0,0,0,97
2012,Austria,0,0,0,0,98
2012,Comoros,0,0,0,0,99
2012,Tonga,0,0,0,0,100
2012,Sierra Leone,0,0,0,0,101
2012,Nicaragua,0,0,0,0,102
2012,Guinea-Bissau,0,0,0,0,103
2012,Haiti,0,0,0,0,104
2012,Andorra,0,0,0,0,105
2012,Liechtenstein,0,0,0,0,106
2012,Burkina Faso,0,0,0,0,107
2012,Timor-Leste,0,0,0,0,108
2012,Cambodia,0,0,0,0,109
2012,Nauru,0,0,0,0,110
2012,Belize,0,0,0,0,111
2012,Mauritius,0,0,0,0,112
2012,Equatorial Guinea,0,0,0,0,113
2012,Aruba,0,0,0,0,114
2012,Boliva,0,0,0,0,115
2012,"Virgin Islands, US",0,0,0,0,116
2012,Sao Tome and Principe,0,0,0,0,117
2012,Solomon Islands,0,0,0,0,118
2012,Guyana,0,0,0,0,119
2012,Malawi,0,0,0,0,120
2012,Guinea,0,0,0,0,121
2012,Nepal,0,0,0,0,122
2012,Iceland,0,0,0,0,123
2012,Swaziland,0,0,0,0,124
2012,Cook Islands,0,0,0,0,125
2012,Tanzania,0,0,0,0,126
2012,Guam,0,0,0,0,127
2012,Bangladesh,0,0,0,0,128
2012,Peru,0,0,0,0,129
2012,Marshall Islands,0,0,0,0,130
2012,Kiribati,0,0,0,0,131
2012,Nigeria,0,0,0,0,132
2012,Myanmar,0,0,0,0,133
2012,"Virgin Islands, British",0,0,0,0,134
2012,Central African Republic,0,0,0,0,135
2012,Macedonia,0,0,0,0,136
2012,Antigua,0,0,0,0,137
2012,Suriname,0,0,0,0,138
2012,Chile,0,0,0,0,139
2012,Lesotho,0,0,0,0,140
2012,Eritrea,0,0,0,0,141
2012,Malta,0,0,0,0,142
2012,Brunei,0,0,0,0,143
2012,Barbados,0,0,0,0,144
2012,Palau,0,0,0,0,145
2012,Djibouti,0,0,0,0,146
2012,Pakistan,0,0,0,0,147
2012,Palestine,0,0,0,0,148
2012,Madagascar,0,0,0,0,149
2012,Angola,0,0,0,0,150
2012,Uruguay,0,0,0,0,151
2012,Philippines,0,0,0,0,152
2012,Papua New Guinea,0,0,0,0,153
2012,Namibia,0,0,0,0,154
2012,Syria,0,0,0,0,155
2012,Niger,0,0,0,0,156
2012,Costa Rica,0,0,0,0,157
2012,Zimbabwe,0,0,0,0,158
2012,Luxembourg,0,0,0,0,159
2012,Mauritania,0,0,0,0,160
2012,Panama,0,0,0,0,161
2012,Zambia,0,0,0,0,162
2012,Somalia,0,0,0,0,163
2012,Dominica,0,0,0,0,164
2012,Bermuda,0,0,0,0,165
2012,Maldives,0,0,0,0,166
2012,Burundi,0,0,0,0,167
2012,Bhutan,0,0,0,0,168
2012,Sudan,0,0,0,0,169
2012,Micronesia,0,0,0,0,170
2012,NA,0,0,0,0,171
2012,Mali,0,0,0,0,172
2012,Jordan,0,0,0,0,173
2012,Fiji,0,0,0,0,174
2012,Vietnam,0,0,0,0,175
2012,Israel,0,0,0,0,176
2012,Republic of Congo,0,0,0,0,177
2012,Ivory Coast,0,0,0,0,178
2012,American Samoa,0,0,0,0,179
2012,Senegal,0,0,0,0,180
2012,Vanuatu,0,0,0,0,181
2012,Monaco,0,0,0,0,182
2012,Saint Lucia,0,0,0,0,183
2012,Ghana,0,0,0,0,184
2012,Bosnia and Herzegovina,0,0,0,0,185
2012,Seychelles,0,0,0,0,186
2012,Chad,0,0,0,0,187
2012,United Arab Emirates,0,0,0,0,188
2012,Laos,0,0,0,0,189
2012,Oman,0,0,0,0,190
2012,Individual Olympic Athletes,0,0,0,0,191
2012,Libya,0,0,0,0,192
2012,Democratic Republic of the Congo,0,0,0,0,193
2012,San Marino,0,0,0,0,194
2012,Cape Verde,0,0,0,0,195
2012,Turkmenistan,0,0,0,0,196
2012,Gambia,0,0,0,0,197
2012,Lebanon,0,0,0,0,198
2012,Cameroon,0,0,0,0,199
2012,Kyrgyzstan,0,0,0,0,200
2012,El Salvador,0,0,0,0,201
2012,Iraq,0,0,0,0,202
2012,Paraguay,0,0,0,0,203
2012,Sri Lanka,0,0,0,0,204
2014,Canada,59,22,5,86,1
2014,Russia,33,22,13,68,2
2014,USA,10,30,24,64,3
2014,Sweden,8,32,11,51,4
2014,Norway,18,5,13,36,5
2014,Germany,15,12,9,36,6
2014,Finland,2,7,24,33,7
2014,Switzerland,6,4,20,30,8
2014,Netherlands,13,7,9,29,9
2014,Austria,4,12,11,27,10
2014,France,4,4,10,18,11
2014,South Korea,7,5,2,14,12
2014,Italy,0,2,12,14,13
2014,China,3,4,5,12,14
2014,Poland,4,4,3,11,15
2014,Czech Republic,2,7,2,11,16
2014,Japan,1,4,6,11,17
2014,Latvia,0,5,6,11,18
2014,UK,1,4,5,10,19
2014,Slovenia,2,2,4,8,20
2014,Belarus,5,0,1,6,21
2014,Ukraine,4,0,1,5,22
2014,Australia,0,2,1,3,23
2014,Slovakia,1,0,0,1,24
2014,Croatia,0,1,0,1,25
2014,Kazakhstan,0,0,1,1,26
2014,Montenegro,0,0,0,0,27
2014,Bulgaria,0,0,0,0,28
2014,Cyprus,0,0,0,0,29
2014,Azerbaijan,0,0,0,0,30
2014,Chile,0,0,0,0,31
2014,India,0,0,0,0,32
2014,Belgium,0,0,0,0,33
2014,Andorra,0,0,0,0,34
2014,Monaco,0,0,0,0,35
2014,Serbia,0,0,0,0,36
2014,Greece,0,0,0,0,37
2014,Timor-Leste,0,0,0,0,38
2014,New Zealand,0,0,0,0,39
2014,"Virgin Islands, US",0,0,0,0,40
2014,Zimbabwe,0,0,0,0,41
2014,Iceland,0,0,0,0,42
2014,Philippines,0,0,0,0,43
2014,Cayman Islands,0,0,0,0,44
2014,Jamaica,0,0,0,0,45
2014,Uzbekistan,0,0,0,0,46
2014,Estonia,0,0,0,0,47
2014,Venezuela,0,0,0,0,48
2014,Albania,0,0,0,0,49
2014,Kyrgyzstan,0,0,0,0,50
2014,Luxembourg,0,0,0,0,51
2014,Moldova,0,0,0,0,52
2014,Taiwan,0,0,0,0,53
2014,Argentina,0,0,0,0,54
2014,Lebanon,0,0,0,0,55
2014,Morocco,0,0,0,0,56
2014,Israel,0,0,0,0,57
2014,Bermuda,0,0,0,0,58
2014,Thailand,0,0,0,0,59
2014,Pakistan,0,0,0,0,60
2014,Individual Olympic Athletes,0,0,0,0,61
2014,Portugal,0,0,0,0,62
2014,Tonga,0,0,0,0,63
2014,Spain,0,0,0,0,64
2014,Iran,0,0,0,0,65
2014,Lithuania,0,0,0,0,66
2014,Togo,0,0,0,0,67
2014,Tajikistan,0,0,0,0,68
2014,Denmark,0,0,0,0,69
2014,Georgia,0,0,0,0,70
2014,Romania,0,0,0,0,71
2014,Ireland,0,0,0,0,72
2014,Nepal,0,0,0,0,73
2014,Malta,0,0,0,0,74
2014,Turkey,0,0,0,0,75
2014,Macedonia,0,0,0,0,76
2014,Paraguay,0,0,0,0,77
2014,San Marino,0,0,0,0,78
2014,Liechtenstein,0,0,0,0,79
2014,Dominica,0,0,0,0,80
2014,Mongolia,0,0,0,0,81
2014,"Virgin Islands, British",0,0,0,0,82
2014,Mexico,0,0,0,0,83
2014,Armenia,0,0,0,0,84
2014,Bosnia and Herzegovina,0,0,0,0,85
2014,Brazil,0,0,0,0,86
2014,Hungary,0,0,0,0,87
2014,Peru,0,0,0,0,88
2016,USA,139,54,71,264,1
2016,Germany,49,43,67,159,2
2016,UK,64,55,26,145,3
2016,Russia,52,28,35,115,4
2016,China,46,30,37,113,5
2016,France,20,55,21,96,6
2016,Australia,23,34,25,82,7
2016,Italy,8,40,24,72,8
2016,Canada,4,4,61,69,9
2016,Japan,17,13,34,64,10
2016,Serbia,14,27,13,54,11
2016,Brazil,36,8,6,50,12
2016,Netherlands,9,25,13,47,13
2016,Spain,9,19,17,45,14
2016,Denmark,15,10,16,41,15
2016,New Zealand,6,25,5,36,16
2016,Jamaica,11,17,2,30,17
2016,Sweden,2,23,3,28,18
2016,South Korea,13,3,10,26,19
2016,Croatia,7,15,2,24,20
2016,South Africa,2,7,14,23,21
2016,Argentina,21,1,0,22,22
2016,Hungary,12,3,7,22,23
2016,Belgium,2,17,2,21,24
2016,Norway,0,0,19,19,25
2016,Kazakhstan,3,5,10,18,26
2016,Azerbaijan,1,7,10,18,27
2016,Nigeria,0,0,18,18,28
2016,Romania,4,2,10,16,29
2016,Poland,3,3,10,16,30
2016,Ukraine,2,8,5,15,31
2016,Czech Republic,1,2,12,15,32
2016,Fiji,13,0,0,13,33
2016,Kenya,6,6,1,13,34
2016,Uzbekistan,4,2,7,13,35
2016,Belarus,1,4,7,12,36
2016,Switzerland,6,3,2,11,37
2016,Cuba,5,2,4,11,38
2016,Colombia,3,2,3,8,39
2016,Iran,3,1,4,8,40
2016,Slovakia,3,5,0,8,41
2016,Ethiopia,1,2,5,8,42
2016,Turkey,1,3,4,8,43
2016,Malaysia,0,7,1,8,44
2016,Greece,3,1,3,7,45
2016,North Korea,2,3,2,7,46
2016,Georgia,2,1,4,7,47
2016,Bulgaria,0,1,6,7,48
2016,Lithuania,0,2,5,7,49
2016,Thailand,2,2,2,6,50
2016,Bahamas,1,0,5,6,51
2016,Taiwan,1,0,4,5,52
2016,Mexico,0,3,2,5,53
2016,Indonesia,2,2,0,4,54
2016,Slovenia,1,2,1,4,55
2016,Armenia,1,3,0,4,56
2016,Estonia,0,0,4,4,57
2016,Ireland,0,3,0,3,58
2016,Tunisia,0,0,3,3,59
2016,Venezuela,0,1,2,3,60
2016,Egypt,0,0,3,3,61
2016,Individual Olympic Athletes,1,0,1,2,62
2016,Ivory Coast,1,0,1,2,63
2016,Vietnam,1,1,0,2,64
2016,Bahrain,1,1,0,2,65
2016,Israel,0,0,2,2,66
2016,India,0,1,1,2,67
2016,Austria,0,0,2,2,68
2016,Mongolia,0,1,1,2,69
2016,Algeria,0,2,0,2,70
2016,Puerto Rico,1,0,0,1,71
2016,Singapore,1,0,0,1,72
2016,Jordan,1,0,0,1,73
2016,Kosovo,1,0,0,1,74
2016,Tajikistan,1,0,0,1,75
2016,United Arab Emirates,0,0,1,1,76
2016,Philippines,0,1,0,1,77
2016,Finland,0,0,1,1,78
2016,Burundi,0,1,0,1,79
2016,Dominican Republic,0,0,1,1,80
2016,Qatar,0,1,0,1,81
2016,Grenada,0,1,0,1,82
2016,Niger,0,1,0,1,83
2016,Trinidad,0,0,1,1,84
2016,Portugal,0,0,1,1,85
2016,Morocco,0,0,1,1,86
2016,Namibia,0,0,0,0,87
2016,Comoros,0,0,0,0,88
2016,Syria,0,0,0,0,89
2016,Tanzania,0,0,0,0,90
2016,Republic of Congo,0,0,0,0,91
2016,Palestine,0,0,0,0,92
2016,El Salvador,0,0,0,0,93
2016,Panama,0,0,0,0,94
2016,Cyprus,0,0,0,0,95
2016,Sao Tome and Principe,0,0,0,0,96
2016,Guinea-Bissau,0,0,0,0,97
2016,Aruba,0,0,0,0,98
2016,Zambia,0,0,0,0,99
2016,Nepal,0,0,0,0,100
2016,Sierra Leone,0,0,0,0,101
2016,Belize,0,0,0,0,102
2016,Dominica,0,0,0,0,103
2016,Central African Republic,0,0,0,0,104
2016,Bermuda,0,0,0,0,105
2016,Andorra,0,0,0,0,106
2016,Kyrgyzstan,0,0,0,0,107
2016,Saint Vincent,0,0,0,0,108
2016,Ecuador,0,0,0,0,109
2016,Haiti,0,0,0,0,110
2016,Bosnia and Herzegovina,0,0,0,0,111
2016,Pakistan,0,0,0,0,112
2016,Cambodia,0,0,0,0,113
2016,Sri Lanka,0,0,0,0,114
2016,Saint Kitts,0,0,0,0,115
2016,Antigua,0,0,0,0,116
2016,Lebanon,0,0,0,0,117
2016,San Marino,0,0,0,0,118
2016,Yemen,0,0,0,0,119
2016,Saudi Arabia,0,0,0,0,120
2016,Cook Islands,0,0,0,0,121
2016,Madagascar,0,0,0,0,122
2016,Lesotho,0,0,0,0,123
2016,Botswana,0,0,0,0,124
2016,Ghana,0,0,0,0,125
2016,Zimbabwe,0,0,0,0,126
2016,Iceland,0,0,0,0,127
2016,Montenegro,0,0,0,0,128
2016,Chile,0,0,0,0,129
2016,Maldives,0,0,0,0,130
2016,Boliva,0,0,0,0,131
2016,Angola,0,0,0,0,132
2016,Uganda,0,0,0,0,133
2016,Chad,0,0,0,0,134
2016,American Samoa,0,0,0,0,135
2016,Laos,0,0,0,0,136
2016,Rwanda,0,0,0,0,137
2016,Costa Rica,0,0,0,0,138
2016,Sudan,0,0,0,0,139
2016,Liberia,0,0,0,0,140
2016,Democratic Republic of the Congo,0,0,0,0,141
2016,Djibouti,0,0,0,0,142
2016,Macedonia,0,0,0,0,143
2016,Iraq,0,0,0,0,144
2016,Cape Verde,0,0,0,0,145
2016,Guatemala,0,0,0,0,146
2016,Oman,0,0,0,0,147
2016,Gambia,0,0,0,0,148
2016,Luxembourg,0,0,0,0,149
2016,Guyana,0,0,0,0,150
2016,Senegal,0,0,0,0,151
2016,Albania,0,0,0,0,152
2016,Barbados,0,0,0,0,153
2016,Bhutan,0,0,0,0,154
2016,Myanmar,0,0,0,0,155
2016,Latvia,0,0,0,0,156
2016,Nauru,0,0,0,0,157
2016,Paraguay,0,0,0,0,158
2016,Guinea,0,0,0,0,159
2016,Saint Lucia,0,0,0,0,160
2016,Libya,0,0,0,0,161
2016,Afghanistan,0,0,0,0,162
2016,Timor-Leste,0,0,0,0,163
2016,Papua New Guinea,0,0,0,0,164
2016,Burkina Faso,0,0,0,0,165
2016,Malta,0,0,0,0,166
2016,Tonga,0,0,0,0,167
2016,Liechtenstein,0,0,0,0,168
2016,Eritrea,0,0,0,0,169
2016,Mali,0,0,0,0,170
2016,Togo,0,0,0,0,171
2016,Mozambique,0,0,0,0,172
2016,Somalia,0,0,0,0,173
2016,Nicaragua,0,0,0,0,174
2016,Bangladesh,0,0,0,0,175
2016,Mauritius,0,0,0,0,176
2016,Benin,0,0,0,0,177
2016,Cameroon,0,0,0,0,178
2016,Brunei,0,0,0,0,179
2016,Gabon,0,0,0,0,180
2016,South Sudan,0,0,0,0,181
2016,Peru,0,0,0,0,182
2016,Solomon Islands,0,0,0,0,183
2016,Malawi,0,0,0,0,184
2016,"Virgin Islands, US",0,0,0,0,185
2016,Micronesia,0,0,0,0,186
2016,Uruguay,0,0,0,0,187
2016,Monaco,0,0,0,0,188
2016,Seychelles,0,0,0,0,189
2016,Mauritania,0,0,0,0,190
2016,Suriname,0,0,0,0,191
2016,Equatorial Guinea,0,0,0,0,192
2016,NA,0,0,0,0,193
2016,Marshall Islands,0,0,0,0,194
2016,Samoa,0,0,0,0,195
2016,"Virgin Islands, British",0,0,0,0,196
2016,Turkmenistan,0,0,0,0,197
2016,Palau,0,0,0,0,198
2016,Kiribati,0,0,0,0,199
2016,Vanuatu,0,0,0,0,200
2016,Swaziland,0,0,0,0,201
2016,Guam,0,0,0,0,202
2016,Moldova,0,0,0,0,203
2016,Honduras,0,0,0,0,204
2016,Cayman Islands,0,0,0,0,205
